Year,Rk,Pk,Tm,Player,College,Yrs,G,MP,PTS,TRB,AST,FG%,3P%,FT%,MP,PTS,TRB,AST,WS,WS/48,BPM,VORP,PICTURE,
1996,1,1,PHI,Allen Iverson,Georgetown University,14,914,37584,24368,3394,5624,0.425,0.313,0.78,41.1,26.7,3.7,6.2,99,0.126,2.7,44.1,http://i.cdn.turner.com/nba/nba/.element/img/2.0/sect/pulse/Rushmore/bio/allen_iverson.png,
1996,2,2,TOR,Marcus Camby,University of Massachusetts Amherst,17,973,28684,9262,9513,1837,0.466,0.205,0.67,29.5,9.5,9.8,1.9,81.6,0.137,2.9,35.6,http://l.yimg.com/bt/api/res/1.2/do.sISr2VbI4nQ_XDN9muQ--/YXBwaWQ9eW5ld3NfbGVnbztmaT1maWxsO2g9MjMwO3E9NzU7dz0zNDU-/http://l.yimg.com/xe/i/us/sp/v/nba_cutout/players_l/20131125/3084.png,
1996,3,3,VAN,Shareef Abdur-Rahim,University of California,12,830,28882,15028,6239,2109,0.472,0.297,0.81,34.8,18.1,7.5,2.5,71.2,0.118,0.9,21.1,http://media-spacejam.cursecdn.com/avatars/thumbnails/4/528/384/384/p2_33_9353.png,
1996,4,4,MIL,Stephon Marbury,Georgia Institute of Technology,13,846,31891,16297,2516,6471,0.433,0.325,0.784,37.7,19.3,3,7.6,77.5,0.117,1.2,25.6,http://a1.espncdn.com/combiner/i?img=%2Fi%2Fheadshots%2Fnba%2Fplayers%2Ffull%2F3192.png,
1996,5,5,MIN,Ray Allen,University of Connecticut,18,1300,46344,24505,5272,4361,0.452,0.4,0.894,35.6,18.9,4.1,3.4,145.1,0.15,3,58.1,http://a.espncdn.com/combiner/i?img=/i/headshots/nba/players/full/9.png&w=350&h=254,
1996,6,6,BOS,Antoine Walker,University of Kentucky,12,893,31531,15647,6891,3170,0.414,0.325,0.633,35.3,17.5,7.7,3.5,38.1,0.058,0.8,21.9,http://media-spacejam.cursecdn.com/avatars/thumbnails/3/976/384/384/p2_40_4580.png,
1996,7,7,LAC,Lorenzen Wright,University of Memphis,13,778,18535,6191,4943,622,0.459,0.069,0.645,23.8,8,6.4,0.8,30.5,0.079,-2,0,http://stats.nba.com/media/players/132x132/953.png,
1996,8,8,NJN,Kerry Kittles,Villanova University,8,507,16929,7165,1983,1295,0.439,0.378,0.78,33.4,14.1,3.9,2.6,44.8,0.127,1.9,16.9,http://advancedathletics.com/wp-content/uploads/2008/01/KerryKittles.jpg,非png
1996,9,9,DAL,Samaki Walker,University of Louisville,10,445,7612,2376,2089,252,0.462,0.111,0.63,17.1,5.3,4.7,0.6,14.2,0.089,-3,-1.8,,
1996,10,10,IND,Erick Dampier,Mississippi State University,16,987,24003,7309,7005,817,0.498,0.125,0.626,24.3,7.4,7.1,0.8,52.7,0.105,0.2,13.1,http://a.espncdn.com/combiner/i?img=/i/headshots/nba/players/full/181.png&w=350&h=254,
1996,11,11,GSW,Todd Fuller,North Carolina State University,5,225,2500,835,674,46,0.422,0,0.668,11.1,3.7,3,0.2,2.2,0.041,-7.1,-3.2,,
1996,12,12,CLE,Vitaly Potapenko,Wright State University,11,610,11608,3995,2725,418,0.479,0.167,0.694,19,6.5,4.5,0.7,15.5,0.064,-3.5,-4.4,,
1996,13,13,CHH,Kobe Bryant,,20,1301,47422,32822,6888,6192,0.449,0.331,0.837,36.5,25.2,5.3,4.8,172.3,0.174,4,71.9,http://a.espncdn.com/combiner/i?img=/i/headshots/nba/players/full/110.png&w=350&h=254,
1996,14,14,SAC,Peja Stojakovic,,13,804,26966,13647,3782,1408,0.45,0.401,0.895,33.5,17,4.7,1.8,82.6,0.147,1.5,23.9,http://a.espncdn.com/combiner/i?img=/i/headshots/nba/players/full/813.png&w=350&h=254,
1996,15,15,PHO,Steve Nash,Santa Clara University,18,1217,38069,17387,3642,10335,0.49,0.428,0.904,31.3,14.3,3,8.5,129.7,0.164,1.3,31.2,http://a.espncdn.com/combiner/i?img=/i/headshots/nba/players/full/592.png&w=350&h=254,
1996,16,16,CHH,Tony Delk,University of Kentucky,10,545,11702,4957,1351,1024,0.408,0.343,0.769,21.5,9.1,2.5,1.9,19.5,0.08,-1.3,2.1,,
1996,17,17,POR,Jermaine O'Neal,,18,1011,27364,13309,7261,1369,0.467,0.147,0.715,27.1,13.2,7.2,1.4,66,0.116,0,13.9,http://a.espncdn.com/combiner/i?img=/i/headshots/nba/players/full/615.png&w=350&h=254,
1996,18,18,NYK,John Wallace,Syracuse University,7,381,6143,2901,1061,281,0.462,0.3,0.74,16.1,7.6,2.8,0.7,6.4,0.05,-4.5,-3.8,,
1996,19,19,NYK,Walter McCarty,University of Kentucky,10,593,10374,3056,1554,670,0.392,0.346,0.698,17.5,5.2,2.6,1.1,13.7,0.064,-1.4,1.7,http://stats.nba.com/media/players/230x185/962.png,
1996,20,20,CLE,Zydrunas Ilgauskas,,13,843,22965,10976,6191,955,0.476,0.31,0.78,27.2,13,7.3,1.1,66.3,0.139,0.3,13,http://a.espncdn.com/combiner/i?img=/i/headshots/nba/players/full/362.png&w=350&h=254,
1996,21,21,NYK,Dontae' Jones,Mississippi State University,1,15,91,44,9,5,0.333,0.261,,6.1,2.9,0.6,0.3,-0.3,-0.175,-11.8,-0.2,http://a.espncdn.com/combiner/i?img=/i/headshots/nba/players/full/2008.png&w=350&h=254,
1996,22,22,VAN,Roy Rogers,University of Alabama,3,137,2309,652,483,57,0.483,0.5,0.532,16.9,4.8,3.5,0.4,1.7,0.035,-3.3,-0.7,,
1996,23,23,DEN,Efthimi Rentzias,,1,35,144,52,26,7,0.339,0.5,0.889,4.1,1.5,0.7,0.2,0.2,0.058,-4.7,-0.1,,
1996,24,24,LAL,Derek Fisher,University of Arkansas at Little Rock,18,1287,32719,10713,2658,3804,0.399,0.374,0.817,25.4,8.3,2.1,3,62.3,0.091,-0.9,9.3,http://l.yimg.com/bt/api/res/1.2/FvLCplJTMtKgjJldSYph_w--/YXBwaWQ9eW5ld3NfbGVnbztmaT1maWxsO2g9MjMwO3E9NzU7dz0zNDU-/http://l.yimg.com/xe/i/us/sp/v/nba_cutout/players_l/20131125/3125.png,
1996,25,25,UTA,Martin Muursepp,,2,83,951,389,181,50,0.425,0.323,0.693,11.5,4.7,2.2,0.6,2,0.1,-1.2,0.2,,
1996,26,26,DET,Jerome Williams,Georgetown University,9,587,12755,3865,3743,474,0.502,0.038,0.645,21.7,6.6,6.4,0.8,37.9,0.143,0.8,9,,
1996,27,27,ORL,Brian Evans,Indiana University,3,102,1097,375,164,77,0.381,0.343,0.82,10.8,3.7,1.6,0.8,1.7,0.076,-2.2,-0.1,http://a.espncdn.com/combiner/i?img=/i/headshots/nfl/players/full/13743.png&w=350&h=254,
1996,28,28,ATL,Priest Lauderdale,Central State University,2,74,525,255,143,33,0.472,0,0.554,7.1,3.4,1.9,0.4,-0.8,-0.074,-8,-0.8,http://ww1.prweb.com/prfiles/2014/07/17/12027313/gI_135232_unnamed.png,非png
1996,29,29,CHI,Travis Knight,University of Connecticut,7,371,4566,1276,1160,224,0.438,0.259,0.696,12.3,3.4,3.1,0.6,7.9,0.083,-1.3,0.8,,
1997,1,1,SAS,Tim Duncan,Wake Forest University,19,1354,46451,26185,14838,4131,0.506,0.18,0.696,34.3,19.3,11,3.1,203.7,0.21,5.5,88,http://i.cdn.turner.com/nba/nba/.element/img/2.0/sect/pulse/Rushmore/bio/Tim_Duncan.png,
1997,2,2,PHI,Keith Van Horn,University of Utah,9,575,18150,9206,3909,900,0.443,0.361,0.835,31.6,16,6.8,1.6,41.7,0.11,-0.2,8.4,http://media-spacejam.cursecdn.com/avatars/thumbnails/4/600/384/384/p2_306_9423.png,
1997,3,3,BOS,Chauncey Billups,University of Colorado,17,1043,33008,15802,2992,5636,0.415,0.387,0.894,31.6,15.2,2.9,5.4,120.8,0.176,2.5,37.6,http://i.cdn.turner.com/nba/nba/.element/img/2.0/sect/pulse/Rushmore/bio/Chauncey_Billups.png,
1997,4,4,VAN,Antonio Daniels,Bowling Green State University,13,872,19671,6623,1613,2934,0.444,0.311,0.793,22.6,7.6,1.8,3.4,47,0.115,-1.2,4.1,http://i.cdn.turner.com/nba/nba/.element/img/2.0/sect/statscube/players/large/troy_daniels.png,
1997,5,5,DEN,Tony Battie,Texas Tech University,14,837,17649,5082,4287,522,0.488,0.162,0.69,21.1,6.1,5.1,0.6,36.4,0.099,-1.6,1.9,http://a.espncdn.com/combiner/i?img=/i/headshots/nba/players/full/45.png&w=350&h=254,
1997,6,6,BOS,Ron Mercer,University of Kentucky,8,432,13418,5892,1342,921,0.429,0.25,0.808,31.1,13.6,3.1,2.1,9.4,0.034,-3.3,-4.3,,
1997,7,7,NJN,Tim Thomas,Villanova University,13,824,21336,9454,3379,1272,0.437,0.369,0.758,25.9,11.5,4.1,1.5,35.2,0.079,-1,5.4,http://a.espncdn.com/combiner/i?img=/i/headshots/nhl/players/full/1207.png&w=350&h=254,
1997,8,8,GSW,Adonal Foyle,Colgate University,12,733,13060,2989,3461,344,0.477,0,0.499,17.8,4.1,4.7,0.5,18.7,0.069,-0.8,3.9,https://uproxx.files.wordpress.com/2010/07/adonal-foyle-480x270.jpg,非png
1997,9,9,TOR,Tracy McGrady,,15,938,30658,18381,5276,4161,0.435,0.338,0.746,32.7,19.6,5.6,4.4,97.3,0.152,4.6,50.6,http://a.espncdn.com/combiner/i?img=/i/headshots/nba/players/full/532.png&w=350&h=254,
1997,10,10,MIL,Danny Fortson,University of Cincinnati,10,440,8832,3615,3184,301,0.472,0.167,0.785,20.1,8.2,7.2,0.7,22.3,0.121,-3,-2.1,,
1997,11,11,SAC,Tariq Abdul-Wahad,San Jose State University,6,236,4807,1830,776,266,0.417,0.237,0.703,20.4,7.8,3.3,1.1,3.5,0.035,-3.2,-1.5,,
1997,12,12,IND,Austin Croshere,Providence College,12,659,11480,4475,2649,627,0.407,0.34,0.861,17.4,6.8,4,1,27.6,0.115,-0.5,4.3,,
1997,13,13,CLE,Derek Anderson,University of Kentucky,11,615,17975,7357,1988,2083,0.408,0.341,0.853,29.2,12,3.2,3.4,43.9,0.117,0.9,13.3,http://a.espncdn.com/combiner/i?img=/i/headshots/nfl/players/full/8627.png&w=350&h=254,
1997,14,14,LAC,Maurice Taylor,University of Michigan,9,534,13324,5889,2452,623,0.466,0.152,0.711,25,11,4.6,1.2,9.9,0.036,-3.8,-5.9,,
1997,15,15,DAL,Kelvin Cato,Iowa State University,10,541,10617,2960,2874,244,0.507,0.077,0.644,19.6,5.5,5.3,0.5,28.6,0.129,-0.3,4.6,,
1997,16,16,CLE,Brevin Knight,Stanford University,12,729,18176,5342,1785,4481,0.412,0.134,0.789,24.9,7.3,2.4,6.1,32.6,0.086,-1.1,4.3,http://www.famousbirthdays.com/faces/knight-brevin-image.jpg,非png
1997,17,17,ORL,Johnny Taylor,University of Tennessee at Chattanooga,3,54,866,256,120,26,0.402,0.394,0.718,16,4.7,2.2,0.5,0.1,0.007,-3.5,-0.3,,
1997,18,18,POR,Chris Anstey,,3,155,2157,813,534,127,0.413,0.138,0.755,13.9,5.2,3.4,0.8,2.8,0.062,-2.8,-0.4,,
1997,19,19,DET,Scot Pollard,University of Kansas,11,506,8372,2222,2351,220,0.494,0,0.709,16.5,4.4,4.6,0.4,26.6,0.153,0.6,5.5,http://pic.pimg.tw/andadang/1347467945-3777156228.jpg,非png
1997,20,20,MIN,Paul Grant,University of Wisconsin,2,16,111,29,18,3,0.448,,0.375,6.9,1.8,1.1,0.2,-0.1,-0.043,-7.8,-0.2,http://static.sportskeeda.com/wp-content/uploads/2012/12/paul-grant-1022171.jpg,非png
1997,21,21,NJN,Anthony Parker,Bradley University,9,494,13752,4478,1574,1129,0.444,0.404,0.794,27.8,9.1,3.2,2.3,24.5,0.085,0.6,9.1,http://d2cwpp38twqe55.cloudfront.net/images-011/players/parkean01.png,
1997,22,22,ATL,Ed Gray,University of California,2,60,809,373,73,46,0.339,0.341,0.814,13.5,6.2,1.2,0.8,0.1,0.009,-6.2,-0.9,,
1997,23,23,SEA,Bobby Jackson,University of Minnesota,12,755,16790,7344,2347,1945,0.417,0.354,0.793,22.2,9.7,3.1,2.6,31.4,0.09,-0.1,7.8,,
1997,24,24,HOU,Rodrick Rhodes,University of Southern California,3,72,1234,380,88,121,0.347,0.2,0.62,17.1,5.3,1.2,1.7,-1.6,-0.064,-6.6,-1.4,,
1997,25,25,NYK,John Thomas,University of Minnesota,5,208,2253,560,432,60,0.502,0,0.591,10.8,2.7,2.1,0.3,3.2,0.067,-3.3,-0.7,http://d2cwpp38twqe55.cloudfront.net/images-011/players/thomajo02.png,
1997,26,26,MIA,Charles Smith,University of New Mexico,5,142,1973,729,200,124,0.409,0.288,0.606,13.9,5.1,1.4,0.9,1.5,0.036,-1.7,0.2,,
1997,27,27,UTA,Jacque Vaughn,University of Kansas,12,776,12658,3463,1028,1919,0.429,0.352,0.779,16.3,4.5,1.3,2.5,15.4,0.058,-4.2,-7.1,http://d2cwpp38twqe55.cloudfront.net/images-011/players/vaughja01.png,
1997,28,28,CHI,Keith Booth,University of Maryland,2,45,449,130,97,39,0.325,0.091,0.563,10,2.9,2.2,0.9,-0.8,-0.08,-6.2,-0.5,,
1998,1,1,LAC,Michael Olowokandi,University of the Pacific,9,500,13129,4135,3414,327,0.435,,0.597,26.3,8.3,6.8,0.7,2.5,0.009,-4.5,-8.3,,
1998,2,2,VAN,Mike Bibby,University of Arizona,14,1001,33962,14698,3103,5517,0.436,0.379,0.802,33.9,14.7,3.1,5.5,73.2,0.104,0.5,21.2,,
1998,3,3,DEN,Raef LaFrentz,University of Kansas,10,563,14545,5690,3423,606,0.466,0.363,0.711,25.8,10.1,6.1,1.1,39.4,0.13,1.5,12.8,,
1998,4,4,TOR,Antawn Jamison,University of North Carolina,16,1083,37638,20042,8157,1761,0.451,0.346,0.724,34.8,18.5,7.5,1.6,87.8,0.112,-0.2,17.4,,
1998,5,5,GSW,Vince Carter,University of North Carolina,18,1225,40486,23618,5796,4327,0.439,0.374,0.799,33,19.3,4.7,3.5,116.6,0.138,3.2,53,,
1998,6,6,DAL,Robert Traylor,University of Michigan,7,438,6243,2085,1640,312,0.474,0.167,0.577,14.3,4.8,3.7,0.7,13.3,0.102,0.3,3.6,,
1998,7,7,SAC,Jason Williams,University of Florida,12,788,23188,8266,1810,4611,0.398,0.327,0.813,29.4,10.5,2.3,5.9,38.5,0.08,-0.7,7.8,,
1998,8,8,PHI,Larry Hughes,Saint Louis University,13,727,22368,10242,3039,2290,0.406,0.309,0.757,30.8,14.1,4.2,3.1,32.3,0.069,-0.3,9.7,,
1998,9,9,MIL,Dirk Nowitzki,,18,1288,45581,28520,10215,3327,0.476,0.383,0.879,35.4,22.1,7.9,2.6,194.9,0.205,3.6,64.9,,
1998,10,10,BOS,Paul Pierce,University of Kansas,18,1273,44757,25996,7348,4646,0.447,0.37,0.806,35.2,20.4,5.8,3.6,149.1,0.16,3.5,61.8,,
1998,11,11,DET,Bonzi Wells,Ball State University,10,591,15133,7147,2737,1249,0.46,0.327,0.697,25.6,12.1,4.6,2.1,29.4,0.093,0.4,9.3,,
1998,12,12,ORL,Michael Doleac,University of Utah,10,587,8789,2882,1955,343,0.439,0.125,0.791,15,4.9,3.3,0.6,12.7,0.07,-3.7,-3.8,,
1998,13,13,ORL,Keon Clark,University of Nevada Las Vegas,6,353,7971,2882,2096,322,0.5,0.053,0.645,22.6,8.2,5.9,0.9,18.2,0.11,-0.1,3.8,,
1998,14,14,HOU,Michael Dickerson,University of Arizona,5,212,7490,3257,609,553,0.432,0.402,0.784,35.3,15.4,2.9,2.6,9.6,0.061,-1.2,1.6,,
1998,15,15,ORL,Matt Harpring,Georgia Institute of Technology,11,665,17584,7645,3366,907,0.481,0.333,0.753,26.4,11.5,5.1,1.4,41.9,0.114,-0.1,8.2,,
1998,16,16,HOU,Bryce Drew,Valparaiso University,6,243,3970,1081,295,524,0.382,0.371,0.83,16.3,4.4,1.2,2.2,2.4,0.03,-4.6,-2.6,,
1998,17,17,MIN,Rasho Nesterovic,,12,811,17983,5519,4143,836,0.502,0.077,0.585,22.2,6.8,5.1,1,39.9,0.107,0.4,11,,
1998,18,18,HOU,Mirsad Turkcan,,1,17,90,33,33,5,0.368,0,0.625,5.3,1.9,1.9,0.3,0,-0.019,-6,-0.1,,
1998,19,19,MIL,Pat Garrity,University of Notre Dame,10,552,11062,4017,1457,443,0.417,0.398,0.806,20,7.3,2.6,0.8,18.7,0.081,-1.8,0.7,,
1998,20,20,ATL,Roshown McLeod,Duke University,3,113,2130,817,308,124,0.409,0.111,0.819,18.8,7.2,2.7,1.1,0.2,0.004,-5,-1.6,,
1998,21,21,CHH,Ricky Davis,University of Iowa,12,736,21927,9912,2550,2426,0.446,0.361,0.781,29.8,13.5,3.5,3.3,28,0.061,-0.8,6.5,,
1998,22,22,LAC,Brian Skinner,Baylor University,14,608,10910,2876,2841,288,0.494,0.333,0.566,17.9,4.7,4.7,0.5,15.8,0.07,-2.4,-1,,
1998,23,23,DEN,Tyronn Lue,University of Nebraska,11,554,12564,4710,943,1727,0.437,0.391,0.829,22.7,8.5,1.7,3.1,19.7,0.075,-2.8,-2.5,,
1998,24,24,SAS,Felipe Lopez,St. John's University,4,249,4145,1448,604,252,0.432,0.327,0.659,16.6,5.8,2.4,1,3.1,0.036,-2.7,-0.7,,
1998,25,25,IND,Al Harrington,,16,981,28009,13237,5482,1649,0.444,0.352,0.727,28.6,13.5,5.6,1.7,42.5,0.073,-1.2,5.5,,
1998,26,26,LAL,Sam Jacobson,University of Minnesota,3,68,752,283,80,36,0.511,0.36,0.739,11.1,4.2,1.2,0.5,1.1,0.071,-3.5,-0.3,,
1998,27,27,SEA,Vladimir Stepania,,6,270,3726,1118,1180,94,0.425,0.133,0.536,13.8,4.1,4.4,0.3,5.2,0.067,-3.9,-1.8,,
1998,28,28,CHI,Corey Benjamin,Oregon State University,4,153,2191,835,259,143,0.39,0.289,0.652,14.3,5.5,1.7,0.9,-0.9,-0.019,-5.6,-2,,
1998,29,29,UTA,Nazr Mohammed,University of Kentucky,17,1000,15872,5819,4704,375,0.486,0,0.639,15.9,5.8,4.7,0.4,34.3,0.104,-2.5,-1.9,,
1999,1,1,CHI,Elton Brand,Duke University,16,1041,34685,16757,8977,2166,0.501,0.1,0.736,33.3,16.1,8.6,2.1,109.5,0.151,3.2,45.3,,
1999,2,2,VAN,Steve Francis,University of Maryland,9,576,21632,10446,3215,3473,0.429,0.341,0.797,37.6,18.1,5.6,6,54.1,0.12,3.2,28.2,,
1999,3,3,CHH,Baron Davis,University of California Los Angeles,13,835,28592,13447,3183,6025,0.409,0.32,0.711,34.2,16.1,3.8,7.2,63.1,0.106,2.7,34.1,,
1999,4,4,LAC,Lamar Odom,University of Rhode Island,14,961,32131,12781,8059,3554,0.463,0.312,0.693,33.4,13.3,8.4,3.7,77,0.115,2.5,36.3,,
1999,5,5,TOR,Jonathan Bender,,8,262,3847,1453,582,170,0.417,0.34,0.763,14.7,5.5,2.2,0.6,3.8,0.047,-3.5,-1.5,,
1999,6,6,MIN,Wally Szczerbiak,Miami University,10,651,20052,9195,2602,1532,0.485,0.406,0.86,30.8,14.1,4,2.4,53.3,0.127,0.5,12.8,,
1999,7,7,WAS,Richard Hamilton,University of Connecticut,14,921,29559,15708,2852,3125,0.449,0.346,0.852,32.1,17.1,3.1,3.4,62.8,0.102,-0.6,10.5,,
1999,8,8,CLE,Andre Miller,University of Utah,17,1275,39959,16186,4760,8473,0.46,0.218,0.808,31.3,12.7,3.7,6.6,100.4,0.121,1.2,31.9,,
1999,9,9,PHO,Shawn Marion,University of Nevada Las Vegas,16,1163,40097,17700,10101,2198,0.484,0.331,0.81,34.5,15.2,8.7,1.9,124.9,0.15,3.2,52.1,,
1999,10,10,ATL,Jason Terry,University of Arizona,17,1232,38909,18092,3058,5176,0.445,0.38,0.846,31.6,14.7,2.5,4.2,98,0.121,1.5,34,,
1999,11,11,CLE,Trajan Langdon,Duke University,3,119,1738,647,159,152,0.416,0.396,0.91,14.6,5.4,1.3,1.3,2.9,0.079,-1.9,0.1,,
1999,12,12,TOR,Aleksandar Radojevic,Barton County Community College,2,15,152,26,36,7,0.308,,0.625,10.1,1.7,2.4,0.5,-0.4,-0.13,-9.4,-0.3,,
1999,13,13,SEA,Corey Maggette,Duke University,14,827,23358,13198,4022,1696,0.453,0.324,0.822,28.2,16,4.9,2.1,62.2,0.128,-0.4,9.5,,
1999,14,14,MIN,William Avery,Duke University,3,142,1205,379,93,199,0.33,0.255,0.714,8.5,2.7,0.7,1.4,-0.9,-0.034,-7.2,-1.6,,
1999,15,15,NYK,Frederic Weis,,,,,,,,,,,,,,,,,,,,
1999,16,16,CHI,Metta World Peace,St. John's University,16,948,30984,12909,4384,2608,0.416,0.342,0.716,32.7,13.6,4.6,2.8,61.4,0.095,1.9,30.3,,
1999,17,17,ATL,Cal Bowdler,Old Dominion University,3,142,1383,424,272,29,0.404,0.182,0.768,9.7,3,1.9,0.2,1.8,0.061,-4.7,-0.9,,
1999,18,18,DEN,James Posey,Xavier University,12,864,23260,7419,4061,1413,0.41,0.349,0.82,26.9,8.6,4.7,1.6,51.6,0.107,1.2,18.8,,
1999,19,19,UTA,Quincy Lewis,University of Minnesota,4,159,1853,567,210,96,0.397,0.333,0.71,11.7,3.6,1.3,0.6,0.8,0.02,-4,-0.9,,
1999,20,20,ATL,Dion Glover,Georgia Institute of Technology,6,294,6132,2407,897,455,0.411,0.317,0.756,20.9,8.2,3.1,1.5,5.8,0.045,-2.4,-0.7,,
1999,21,21,GSW,Jeff Foster,Texas State University,13,764,15750,3747,5248,703,0.497,0.13,0.615,20.6,4.9,6.9,0.9,47.5,0.145,1.3,13,,
1999,22,22,HOU,Kenny Thomas,University of New Mexico,11,632,17306,5876,4341,975,0.465,0.244,0.699,27.4,9.3,6.9,1.5,31.2,0.086,-0.5,6.6,,
1999,23,23,LAL,Devean George,Augsburg College,11,630,11682,3536,1975,543,0.392,0.343,0.721,18.5,5.6,3.1,0.9,18.2,0.075,-1.2,2.5,,
1999,24,24,UTA,Andrei Kirilenko,,13,797,23916,9431,4352,2169,0.474,0.31,0.754,30,11.8,5.5,2.7,75.4,0.151,5,42.4,,
1999,25,25,MIA,Tim James,University of Miami,3,43,261,68,46,11,0.329,0.333,0.652,6.1,1.6,1.1,0.3,0,-0.003,-7.1,-0.3,,
1999,26,26,IND,Vonteego Cummings,University of Pittsburgh,3,199,3789,1381,373,534,0.383,0.321,0.726,19,6.9,1.9,2.7,2.2,0.028,-2.9,-0.9,,
1999,27,27,ATL,Jumaine Jones,University of Georgia,8,471,9780,3325,1987,408,0.424,0.349,0.704,20.8,7.1,4.2,0.9,15.1,0.074,-1,2.4,,
1999,28,28,UTA,Scott Padgett,University of Kentucky,8,448,5613,1874,1227,325,0.41,0.373,0.736,12.5,4.2,2.7,0.7,13.2,0.113,-0.1,2.7,,
1999,29,29,SAS,Leon Smith,,2,15,104,33,33,3,0.393,,0.647,6.9,2.2,2.2,0.2,0.2,0.112,-4.3,-0.1,,
2000,1,1,NJN,Kenyon Martin,University of Cincinnati,15,757,23134,9325,5159,1439,0.483,0.234,0.629,30.6,12.3,6.8,1.9,48,0.1,0.7,15.5,,
2000,2,2,VAN,Stromile Swift,Louisiana State University,9,547,10804,4582,2535,275,0.473,0.074,0.699,19.8,8.4,4.6,0.5,21.3,0.095,-1.9,0.2,,
2000,3,3,LAC,Darius Miles,,7,446,11730,4507,2190,840,0.472,0.168,0.59,26.3,10.1,4.9,1.9,9.5,0.039,-1.2,2.3,,
2000,4,4,CHI,Marcus Fizer,Iowa State University,6,289,6032,2782,1340,352,0.435,0.191,0.691,20.9,9.6,4.6,1.2,2.7,0.022,-4.7,-4.1,,
2000,5,5,ORL,Mike Miller,University of Florida,16,983,27439,10919,4308,2619,0.46,0.408,0.769,27.9,11.1,4.4,2.7,60.7,0.106,1,20.6,,
2000,6,6,ATL,DerMarr Johnson,University of Cincinnati,7,344,5930,2121,769,304,0.411,0.336,0.789,17.2,6.2,2.2,0.9,6.4,0.052,-1.6,0.6,,
2000,7,7,CHI,Chris Mihm,University of Texas at Austin,8,436,8758,3262,2302,223,0.459,0.231,0.704,20.1,7.5,5.3,0.5,13.3,0.073,-3.8,-4.1,,
2000,8,8,CLE,Jamal Crawford,University of Michigan,16,1045,32461,16258,2535,3785,0.41,0.349,0.86,31.1,15.6,2.4,3.6,54.6,0.081,-0.6,11.6,,
2000,9,9,HOU,Joel Przybilla,University of Minnesota,13,592,11733,2293,3665,256,0.552,0,0.557,19.8,3.9,6.2,0.4,23,0.094,-0.9,3.3,,
2000,10,10,ORL,Keyon Dooling,University of Missouri,13,728,14134,5067,964,1601,0.416,0.349,0.799,19.4,7,1.3,2.2,18.5,0.063,-3,-3.6,,
2000,11,11,BOS,Jerome Moiso,University of California Los Angeles,5,145,1392,386,395,38,0.489,0,0.593,9.6,2.7,2.7,0.3,2.1,0.074,-3.8,-0.6,,
2000,12,12,DAL,Etan Thomas,Syracuse University,9,409,7084,2341,1927,149,0.513,,0.603,17.3,5.7,4.7,0.4,14.9,0.101,-2.6,-1,,
2000,13,13,ORL,Courtney Alexander,California State University Fresno,3,187,4067,1690,409,227,0.422,0.339,0.813,21.7,9,2.2,1.2,4.1,0.048,-4,-2.1,,
2000,14,14,DET,Mateen Cleaves,Michigan State University,6,167,1863,609,175,310,0.389,0.267,0.728,11.2,3.6,1,1.9,-0.8,-0.021,-6.3,-2,,
2000,15,15,MIL,Jason Collier,Georgia Institute of Technology,5,151,2178,841,443,51,0.455,0.35,0.738,14.4,5.6,2.9,0.3,1.9,0.042,-6.3,-2.3,,
2000,16,16,SAC,Hedo Turkoglu,,15,997,26695,11022,3971,2832,0.426,0.384,0.784,26.8,11.1,4,2.8,63.3,0.114,1.2,21.4,,
2000,17,17,SEA,Desmond Mason,Oklahoma State University,10,643,19641,7767,2863,1049,0.449,0.26,0.74,30.5,12.1,4.5,1.6,23.1,0.056,-2.4,-1.9,,
2000,18,18,LAC,Quentin Richardson,DePaul University,13,783,20785,8032,3666,1138,0.397,0.355,0.718,26.5,10.3,4.7,1.5,32.8,0.076,-0.3,8.9,,
2000,19,19,CHH,Jamaal Magloire,University of Kentucky,12,680,14621,4917,4408,386,0.48,0,0.639,21.5,7.2,6.5,0.6,27.7,0.091,-2.9,-3.3,,
2000,20,20,PHI,Speedy Claxton,Hofstra University,7,334,8548,3096,830,1441,0.409,0.193,0.762,25.6,9.3,2.5,4.3,14.2,0.08,-0.7,2.8,,
2000,21,21,TOR,Morris Peterson,Michigan State University,11,711,19366,7628,2483,1090,0.418,0.373,0.773,27.2,10.7,3.5,1.5,35.7,0.089,0,9.7,,
2000,22,22,NYK,Donnell Harvey,University of Florida,5,205,3318,1150,827,161,0.46,0.1,0.659,16.2,5.6,4,0.8,4.7,0.069,-2.7,-0.6,,
2000,23,23,UTA,DeShawn Stevenson,,13,824,18396,5930,1832,1355,0.406,0.34,0.698,22.3,7.2,2.2,1.6,12.1,0.032,-3,-4.6,,
2000,24,24,CHI,Dalibor Bagaric,,3,95,973,251,238,37,0.361,0,0.559,10.2,2.6,2.5,0.4,-0.9,-0.043,-6.8,-1.2,,
2000,25,25,PHO,Jake Tsakalidis,,7,315,5005,1497,1238,101,0.49,0,0.657,15.9,4.8,3.9,0.3,9.9,0.095,-3.1,-1.3,,
2000,26,26,DEN,Mamadou N'Diaye,Auburn University,5,69,858,262,225,8,0.427,0,0.736,12.4,3.8,3.3,0.1,1.8,0.101,-5.3,-0.7,,
2000,27,27,IND,Primoz Brezec,,8,342,6192,2452,1327,179,0.498,0.167,0.701,18.1,7.2,3.9,0.5,10.8,0.084,-2.5,-0.8,,
2000,28,28,POR,Erick Barkley,St. John's University,2,27,266,77,21,40,0.356,0.267,0.9,9.9,2.9,0.8,1.5,0.2,0.027,-3.8,-0.1,,
2000,29,29,LAL,Mark Madsen,Stanford University,9,453,5335,975,1157,181,0.457,0.063,0.527,11.8,2.2,2.6,0.4,8.2,0.074,-2.2,-0.2,,
2001,1,1,WAS,Kwame Brown,,12,607,13389,4035,3333,554,0.492,0.111,0.57,22.1,6.6,5.5,0.9,20.8,0.074,-2.1,-0.4,,
2001,2,2,LAC,Tyson Chandler,,15,936,26840,8211,8697,785,0.59,0,0.646,28.7,8.8,9.3,0.8,89.7,0.16,1.8,25.6,,
2001,3,3,ATL,Pau Gasol,,15,1004,35533,18346,9481,3245,0.512,0.28,0.753,35.4,18.3,9.4,3.2,125.5,0.169,3.5,49.2,,
2001,4,4,CHI,Eddy Curry,,11,527,13109,6820,2725,287,0.545,1,0.642,24.9,12.9,5.2,0.5,21.7,0.08,-3.5,-5,,
2001,5,5,GSW,Jason Richardson,Michigan State University,13,857,29241,14644,4245,2284,0.438,0.37,0.707,34.1,17.1,5,2.7,59.1,0.097,1.3,24.4,,
2001,6,6,MEM,Shane Battier,Duke University,13,977,30004,8408,4082,1717,0.437,0.384,0.743,30.7,8.6,4.2,1.8,75.7,0.121,2.9,37,,
2001,7,7,NJN,Eddie Griffin,Seton Hall University,5,303,6729,2171,1744,236,0.377,0.315,0.671,22.2,7.2,5.8,0.8,10.9,0.078,-1,1.7,,
2001,8,8,CLE,DeSagana Diop,,12,601,8403,1185,2219,270,0.427,0.167,0.467,14,2,3.7,0.4,12.8,0.073,0,4.3,,
2001,9,9,DET,Rodney White,University of North Carolina at Charlotte,4,218,3354,1540,485,237,0.424,0.314,0.749,15.4,7.1,2.2,1.1,1.8,0.026,-3.8,-1.5,,
2001,10,10,BOS,Joe Johnson,University of Arkansas,15,1085,39288,18589,4452,4545,0.441,0.369,0.8,36.2,17.1,4.1,4.2,75.6,0.092,0.6,25.7,,
2001,11,11,BOS,Kedrick Brown,Okaloosa-Walton Community College,4,143,1935,509,347,103,0.405,0.274,0.64,13.5,3.6,2.4,0.7,3,0.074,-2.2,-0.1,,
2001,12,12,SEA,Vladimir Radmanovic,,12,737,16164,5879,2784,998,0.415,0.378,0.758,21.9,8,3.8,1.4,26.5,0.079,-0.1,7.7,,
2001,13,13,HOU,Richard Jefferson,University of Arizona,15,1030,31693,14169,4407,2284,0.464,0.378,0.769,30.8,13.8,4.3,2.2,78.8,0.119,0.5,19.8,,
2001,14,14,GSW,Troy Murphy,University of Notre Dame,12,729,19921,7860,5708,1088,0.445,0.388,0.785,27.3,10.8,7.8,1.5,50.3,0.121,-0.1,9.5,,
2001,15,15,ORL,Steven Hunter,DePaul University,8,400,5993,1817,1264,79,0.56,0,0.485,15,4.5,3.2,0.2,10.6,0.085,-2.8,-1.3,,
2001,16,16,CHH,Kirk Haston,Indiana University,2,27,134,32,27,8,0.232,0,0.5,5,1.2,1,0.3,-0.5,-0.197,-13.5,-0.4,,
2001,17,17,TOR,Michael Bradley,Villanova University,5,173,2016,483,591,93,0.477,0.143,0.511,11.7,2.8,3.4,0.5,2,0.047,-3.7,-0.9,,
2001,18,18,HOU,Jason Collins,Stanford University,13,735,14974,2621,2706,626,0.411,0.206,0.647,20.4,3.6,3.7,0.9,20.1,0.064,-2,0.2,,
2001,19,19,POR,Zach Randolph,Michigan State University,15,936,29916,15932,8859,1689,0.472,0.261,0.763,32,17,9.5,1.8,72.9,0.117,-0.3,12.8,,
2001,20,20,CLE,Brendan Haywood,University of North Carolina,13,816,18680,5538,4875,442,0.528,0,0.587,22.9,6.8,6,0.5,43.8,0.113,-0.2,8.4,,
2001,21,21,BOS,Joseph Forte,University of North Carolina,2,25,125,30,17,17,0.234,0,0.8,5,1.2,0.7,0.7,-0.4,-0.166,-10.1,-0.3,,
2001,22,22,ORL,Jeryl Sasser,Southern Methodist University,2,82,1061,204,191,67,0.303,0.295,0.687,12.9,2.5,2.3,0.8,0.7,0.032,-2.9,-0.2,,
2001,23,23,HOU,Brandon Armstrong,Pepperdine University,3,108,699,239,63,24,0.352,0.333,0.6,6.5,2.2,0.6,0.2,-0.6,-0.039,-8.6,-1.2,,
2001,24,24,UTA,Raul Lopez,,2,113,2135,733,194,428,0.429,0.346,0.853,18.9,6.5,1.7,3.8,2.1,0.047,-3.5,-0.8,,
2001,25,25,SAC,Gerald Wallace,University of Alabama,14,832,24731,9933,4838,1725,0.469,0.312,0.709,29.7,11.9,5.8,2.1,59.7,0.116,2.4,27.3,,
2001,26,26,PHI,Samuel Dalembert,Seton Hall University,13,886,21646,6814,6942,465,0.521,0.083,0.706,24.4,7.7,7.8,0.5,51.3,0.114,-0.7,7.2,,
2001,27,27,MEM,Jamaal Tinsley,Iowa State University,11,547,14443,4652,1605,3330,0.393,0.299,0.716,26.4,8.5,2.9,6.1,17.2,0.057,-0.4,5.7,,
2001,28,28,SAS,Tony Parker,,15,1032,33285,17328,2987,6088,0.495,0.324,0.753,32.3,16.8,2.9,5.9,103,0.149,1.2,27.1,,
2002,1,1,HOU,Yao Ming,,8,486,15818,9247,4494,769,0.524,0.2,0.833,32.5,19,9.2,1.6,65.9,0.2,2.3,17,,
2002,2,2,CHI,Jay Williams,Duke University,1,75,1961,714,195,350,0.399,0.322,0.64,26.1,9.5,2.6,4.7,0.8,0.02,-2.2,-0.1,,
2002,3,3,GSW,Mike Dunleavy,Duke University,13,902,25796,10551,4013,2096,0.442,0.376,0.804,28.6,11.7,4.4,2.3,56.1,0.104,0.5,15.9,,
2002,4,4,MEM,Drew Gooden,University of Kansas,14,766,19899,8587,5560,886,0.463,0.267,0.761,26,11.2,7.3,1.2,43.9,0.106,-1.5,2.5,,
2002,5,5,DEN,Nikoloz Tskitishvili,,4,172,1946,507,307,114,0.304,0.235,0.73,11.3,2.9,1.8,0.7,-1.6,-0.039,-6.3,-2.1,,
2002,6,6,CLE,Dajuan Wagner,University of Memphis,4,103,2202,964,142,195,0.366,0.321,0.77,21.4,9.4,1.4,1.9,0,0,-5.6,-2,,
2002,7,7,NYK,Nene Hilario,,14,759,21850,9375,5047,1508,0.544,0.108,0.669,28.8,12.4,6.6,2,63.1,0.139,2.1,22.8,,
2002,8,8,LAC,Chris Wilcox,University of Maryland,11,628,12474,5150,3076,455,0.541,0,0.643,19.9,8.2,4.9,0.7,26.9,0.103,-1.6,1.2,,
2002,9,9,PHO,Amar'e Stoudemire,,14,797,25519,15707,6416,1024,0.536,0.236,0.761,32,19.7,8.1,1.3,90.3,0.17,0.6,16.5,,
2002,10,10,MIA,Caron Butler,University of Connecticut,14,872,28237,12387,4374,1999,0.434,0.349,0.847,32.4,14.2,5,2.3,50.6,0.086,0.2,15.9,,
2002,11,11,WAS,Jared Jeffries,Indiana University,11,629,13579,3003,2563,798,0.426,0.25,0.583,21.6,4.8,4.1,1.3,13.1,0.046,-0.9,3.8,,
2002,12,12,LAC,Melvin Ely,California State University Fresno,9,375,6005,1992,1215,261,0.46,0,0.625,16,5.3,3.2,0.7,4,0.032,-3.6,-2.4,,
2002,13,13,MIL,Marcus Haislip,University of Tennessee,4,89,854,311,131,16,0.437,0.35,0.659,9.6,3.5,1.5,0.2,0.5,0.026,-6.2,-0.9,,
2002,14,14,IND,Fred Jones,University of Oregon,7,430,10299,3206,958,990,0.411,0.353,0.809,24,7.5,2.2,2.3,16.5,0.077,-0.9,2.8,,
2002,15,15,HOU,Bostjan Nachbar,,6,317,5628,2252,836,283,0.406,0.375,0.784,17.8,7.1,2.6,0.9,8.7,0.074,-2.3,-0.4,,
2002,16,16,PHI,Jiri Welsch,,4,247,4596,1519,602,375,0.403,0.343,0.752,18.6,6.1,2.4,1.5,5.7,0.059,-2.1,-0.1,,
2002,17,17,WAS,Juan Dixon,University of Maryland,7,436,8509,3678,816,775,0.413,0.341,0.833,19.5,8.4,1.9,1.8,6.1,0.034,-3,-2.1,,
2002,18,18,ORL,Curtis Borchardt,Stanford University,2,83,1117,258,278,64,0.421,0,0.742,13.5,3.1,3.3,0.8,1,0.041,-2.4,-0.1,,
2002,19,19,UTA,Ryan Humphrey,University of Notre Dame,3,85,772,197,189,18,0.344,0,0.539,9.1,2.3,2.2,0.2,-0.4,-0.027,-7.6,-1.1,,
2002,20,20,TOR,Kareem Rush,University of Missouri,7,346,5956,2213,572,353,0.4,0.358,0.703,17.2,6.4,1.7,1,1.7,0.013,-4.1,-3.2,,
2002,21,21,POR,Qyntel Woods,Northeast Mississippi Community College,4,167,2060,691,385,105,0.452,0.357,0.603,12.3,4.1,2.3,0.6,1.4,0.032,-3,-0.5,,
2002,22,22,PHO,Casey Jacobsen,Stanford University,4,287,5320,1488,516,304,0.393,0.352,0.769,18.5,5.2,1.8,1.1,6.2,0.056,-2.3,-0.4,,
2002,23,23,DET,Tayshaun Prince,University of Kentucky,14,963,30566,11106,4235,2352,0.454,0.369,0.756,31.7,11.5,4.4,2.4,62.7,0.098,0.2,16.9,,
2002,24,24,NJN,Nenad Krstic,,7,419,10547,4210,2261,346,0.494,0.143,0.73,25.2,10,5.4,0.8,21.5,0.098,-2.6,-1.5,,
2002,25,25,DEN,Frank Williams,University of Illinois at Urbana-Champaign,3,86,952,253,77,166,0.352,0.3,0.833,11.1,2.9,0.9,1.9,0.1,0.003,-5,-0.7,,
2002,26,26,SAS,John Salmons,University of Miami,13,895,23672,8292,2603,2183,0.431,0.366,0.799,26.4,9.3,2.9,2.4,33.9,0.069,-1,5.8,,
2002,27,27,LAL,Chris Jefferies,California State University Fresno,2,72,861,281,88,29,0.383,0.365,0.667,12,3.9,1.2,0.4,-0.5,-0.03,-6.3,-0.9,,
2002,28,28,SAC,Dan Dickau,Gonzaga University,6,300,4617,1745,405,752,0.401,0.341,0.831,15.4,5.8,1.4,2.5,5.9,0.061,-2.3,-0.4,,
2003,1,1,CLE,LeBron James,,13,932,36541,25468,6663,6436,0.496,0.341,0.744,39.2,27.3,7.1,6.9,182.7,0.24,9.2,103.1,,
2003,2,2,DET,Darko Milicic,,10,468,8638,2813,1971,405,0.46,0,0.574,18.5,6,4.2,0.9,7.1,0.04,-1.6,0.8,,
2003,3,3,DEN,Carmelo Anthony,Syracuse University,13,854,31086,21447,5610,2623,0.454,0.345,0.812,36.4,25.1,6.6,3.1,88,0.136,1.4,26.4,,
2003,4,4,TOR,Chris Bosh,Georgia Institute of Technology,13,862,30881,16562,7386,1713,0.494,0.33,0.799,35.8,19.2,8.6,2,102.7,0.16,1.4,26.7,,
2003,5,5,MIA,Dwyane Wade,Marquette University,13,802,28928,19200,3901,4693,0.489,0.288,0.766,36.1,23.9,4.9,5.9,110.4,0.183,5.6,55.4,,
2003,6,6,LAC,Chris Kaman,Central Michigan University,13,722,19577,8174,5566,914,0.488,0,0.742,27.1,11.3,7.7,1.3,24.4,0.06,-2,0,,
2003,7,7,CHI,Kirk Hinrich,University of Kansas,13,845,26589,9528,2522,4194,0.412,0.376,0.799,31.5,11.3,3,5,52.4,0.095,0.3,15.1,,
2003,8,8,MIL,T.J. Ford,University of Texas at Austin,8,429,11882,4797,1331,2495,0.433,0.289,0.815,27.7,11.2,3.1,5.8,16.9,0.068,-0.8,3.6,,
2003,9,9,NYK,Mike Sweetney,Georgetown University,4,233,3610,1516,1045,145,0.485,0,0.689,15.5,6.5,4.5,0.6,7.8,0.103,-2.1,-0.1,,
2003,10,10,WAS,Jarvis Hayes,University of Georgia,7,427,9898,3553,1330,459,0.415,0.356,0.798,23.2,8.3,3.1,1.1,10.2,0.049,-2.9,-2.2,,
2003,11,11,GSW,Mickael Pietrus,,10,557,11950,4629,1723,445,0.425,0.355,0.665,21.5,8.3,3.1,0.8,19.7,0.079,-0.9,3.4,,
2003,12,12,SEA,Nick Collison,University of Kansas,12,836,17971,5219,4543,890,0.533,0.21,0.729,21.5,6.2,5.4,1.1,43.5,0.116,0.5,11.3,,
2003,13,13,MEM,Marcus Banks,University of Nevada Las Vegas,8,348,5571,2061,519,728,0.432,0.327,0.768,16,5.9,1.5,2.1,6.6,0.057,-2.4,-0.6,,
2003,14,14,SEA,Luke Ridnour,University of Oregon,12,830,21623,7740,1877,3713,0.431,0.349,0.862,26.1,9.3,2.3,4.5,36,0.08,-0.9,5.8,,
2003,15,15,ORL,Reece Gaines,University of Louisville,3,71,605,123,53,50,0.324,0.269,0.606,8.5,1.7,0.7,0.7,-0.6,-0.049,-7.7,-0.9,,
2003,16,16,BOS,Troy Bell,Boston College,1,6,34,11,4,4,0.222,0,1,5.7,1.8,0.7,0.7,-0.2,-0.326,-14.4,-0.1,,
2003,17,17,PHO,Zarko Cabarkapa,,3,150,1550,640,312,85,0.427,0.273,0.733,10.3,4.3,2.1,0.6,1.1,0.035,-5.2,-1.3,,
2003,18,18,NOH,David West,Xavier University,13,840,26258,12801,5929,1881,0.49,0.253,0.819,31.3,15.2,7.1,2.2,75.6,0.138,1.3,22,,
2003,19,19,UTA,Sasha Pavlovic,,10,567,8888,2787,1000,517,0.404,0.346,0.673,15.7,4.9,1.8,0.9,7,0.038,-3.4,-3.2,,
2003,20,20,BOS,Dahntay Jones,Duke University,11,622,9745,3331,1075,526,0.439,0.33,0.751,15.7,5.4,1.7,0.8,9.8,0.048,-3.7,-4.1,,
2003,21,21,ATL,Boris Diaw,,13,940,26562,8461,4323,3402,0.494,0.342,0.714,28.3,9,4.6,3.6,48.1,0.087,0.8,19,,
2003,22,22,NJN,Zoran Planinic,,3,148,1584,561,198,165,0.405,0.289,0.677,10.7,3.8,1.3,1.1,1.5,0.046,-4.2,-0.9,,
2003,23,23,POR,Travis Outlaw,,11,622,13026,5273,1974,514,0.423,0.337,0.744,20.9,8.5,3.2,0.8,16.5,0.061,-2.3,-0.9,,
2003,24,24,LAL,Brian Cook,University of Illinois at Urbana-Champaign,9,421,5649,2312,1115,252,0.439,0.382,0.783,13.4,5.5,2.6,0.6,10.2,0.086,-2.4,-0.6,,
2003,25,25,DET,Carlos Delfino,,8,507,11580,4115,1815,887,0.401,0.365,0.758,22.8,8.1,3.6,1.7,22.5,0.093,0.8,8.1,,
2003,26,26,MIN,Ndudi Ebi,,2,19,86,40,19,4,0.486,0,0.462,4.5,2.1,1,0.2,0.1,0.051,-5.4,-0.1,,
2003,27,27,MEM,Kendrick Perkins,,13,748,16634,4136,4411,782,0.53,0,0.597,22.2,5.5,5.9,1,28.1,0.081,-0.2,7.4,,
2003,28,28,SAS,Leandro Barbosa,,13,736,16657,8315,1531,1644,0.46,0.39,0.817,22.6,11.3,2.1,2.2,35.3,0.102,-0.1,8,,
2003,29,29,DAL,Josh Howard,Wake Forest University,10,507,15350,7270,2886,817,0.448,0.332,0.77,30.3,14.3,5.7,1.6,38,0.119,0.6,10.3,,
2004,1,1,ORL,Dwight Howard,,12,827,29400,14908,10534,1255,0.58,0.104,0.572,35.6,18,12.7,1.5,108.3,0.177,2.8,35.4,,
2004,2,2,CHA,Emeka Okafor,University of Connecticut,9,590,18702,7256,5847,512,0.512,0,0.584,31.7,12.3,9.9,0.9,44.3,0.114,-0.4,7.5,,
2004,3,3,CHI,Ben Gordon,University of Connecticut,11,744,20366,11084,1851,1868,0.432,0.401,0.857,27.4,14.9,2.5,2.5,33.3,0.078,-1.1,4.7,,
2004,4,4,LAC,Shaun Livingston,,11,567,12708,3828,1468,1907,0.471,0.186,0.795,22.4,6.8,2.6,3.4,20,0.076,-1.6,1.3,,
2004,5,5,WAS,Devin Harris,University of Wisconsin,12,739,19656,8818,1698,3382,0.437,0.321,0.795,26.6,11.9,2.3,4.6,47,0.115,0.6,12.7,,
2004,6,6,ATL,Josh Childress,Stanford University,8,391,10432,3548,1850,609,0.522,0.329,0.779,26.7,9.1,4.7,1.6,25.7,0.118,1.3,8.6,,
2004,7,7,PHO,Luol Deng,Duke University,12,765,27122,12027,4723,1830,0.458,0.332,0.771,35.5,15.7,6.2,2.4,67.1,0.119,1,20.7,,
2004,8,8,TOR,Rafael Araujo,Brigham Young University,3,139,1585,389,395,41,0.405,0.25,0.679,11.4,2.8,2.8,0.3,-0.4,-0.013,-6.4,-1.8,,
2004,9,9,PHI,Andre Iguodala,University of Arizona,12,860,30809,11849,4690,4010,0.462,0.335,0.716,35.8,13.8,5.5,4.7,80.2,0.125,3.1,40,,
2004,10,10,CLE,Luke Jackson,University of Oregon,4,73,724,252,89,58,0.357,0.36,0.732,9.9,3.5,1.2,0.8,0.2,0.01,-4.4,-0.4,,
2004,11,11,GSW,Andris Biedrins,,10,516,11146,3247,3631,467,0.594,0,0.5,21.6,6.3,7,0.9,30.7,0.132,1.1,8.6,,
2004,12,12,SEA,Robert Swift,,4,97,1500,416,376,20,0.506,,0.61,15.5,4.3,3.9,0.2,1.7,0.054,-4.1,-0.8,,
2004,13,13,POR,Sebastian Telfair,,10,564,12149,4183,898,1960,0.39,0.319,0.777,21.5,7.4,1.6,3.5,5,0.02,-3.9,-5.8,,
2004,14,14,UTA,Kris Humphries,University of Minnesota,12,708,13007,4852,3964,503,0.468,0.254,0.693,18.4,6.9,5.6,0.7,27.3,0.101,-1.9,0.3,,
2004,15,15,BOS,Al Jefferson,,12,783,24234,13227,7076,1220,0.499,0.129,0.708,31,16.9,9,1.6,65.7,0.13,0.5,15.2,,
2004,16,16,UTA,Kirk Snyder,University of Nevada Reno,4,211,3540,1333,491,241,0.438,0.327,0.699,16.8,6.3,2.3,1.1,4.5,0.061,-2,0,,
2004,17,17,ATL,Josh Smith,,12,860,28472,12800,6561,2735,0.455,0.286,0.633,33.1,14.9,7.6,3.2,51.5,0.087,2.2,30.2,,
2004,18,18,NOH,J.R. Smith,,12,780,20753,10290,2541,1756,0.423,0.372,0.735,26.6,13.2,3.3,2.3,39.6,0.092,0.4,12.6,,
2004,19,19,MIA,Dorell Wright,,11,549,12280,4597,2093,850,0.424,0.365,0.806,22.4,8.4,3.8,1.5,25.9,0.101,0.4,7.4,,
2004,20,20,DEN,Jameer Nelson,Saint Joseph's University,12,735,20961,8859,2236,3844,0.438,0.369,0.813,28.5,12.1,3,5.2,44.5,0.102,0.5,13.2,,
2004,21,21,UTA,Pavel Podkolzin,,2,6,28,4,9,0,0,,0.5,4.7,0.7,1.5,0,-0.1,-0.163,-18.8,-0.1,,
2004,22,22,NJN,Viktor Khryapa,,4,143,2351,643,492,142,0.443,0.292,0.658,16.4,4.5,3.4,1,2,0.041,-1.8,0.1,,
2004,23,23,POR,Sergei Monia,,1,26,343,77,52,19,0.333,0.265,0.714,13.2,3,2,0.7,-0.2,-0.025,-5.1,-0.3,,
2004,24,24,BOS,Delonte West,Saint Joseph's University,8,432,11842,4198,1265,1540,0.448,0.372,0.826,27.4,9.7,2.9,3.6,24.5,0.099,0.5,7.6,,
2004,25,25,BOS,Tony Allen,Oklahoma State University,12,687,14758,5515,2237,923,0.476,0.27,0.721,21.5,8,3.3,1.3,33.3,0.108,1.2,11.9,,
2004,26,26,SAC,Kevin Martin,Western Carolina University,12,681,21039,12173,2223,1322,0.439,0.385,0.87,30.9,17.9,3.3,1.9,61,0.139,0.2,11.8,,
2004,27,27,LAL,Sasha Vujacic,,9,495,7864,2739,927,640,0.392,0.366,0.866,15.9,5.5,1.9,1.3,14.6,0.089,-1,2,,
2004,28,28,SAS,Beno Udrih,,12,764,17111,6586,1602,2646,0.463,0.349,0.829,22.4,8.6,2.1,3.5,29.7,0.083,-1.4,2.4,,
2004,29,29,IND,David Harrison,University of Colorado,4,189,2686,949,549,47,0.53,,0.525,14.2,5,2.9,0.2,3.2,0.057,-3.4,-1,,
2005,1,1,MIL,Andrew Bogut,University of Utah,11,592,17840,6387,5388,1349,0.532,0.087,0.559,30.1,10.8,9.1,2.3,45.4,0.122,2.3,19.5,,
2005,2,2,ATL,Marvin Williams,University of North Carolina,11,727,20971,7555,3728,939,0.445,0.341,0.801,28.8,10.4,5.1,1.3,43.2,0.099,-0.7,6.7,,
2005,3,3,UTA,Deron Williams,University of Illinois at Urbana-Champaign,11,738,25836,12522,2355,6213,0.447,0.359,0.821,35,17,3.2,8.4,73.3,0.136,1.6,23.6,,
2005,4,4,NOH,Chris Paul,Wake Forest University,11,718,25905,13374,3129,7116,0.473,0.364,0.862,36.1,18.6,4.4,9.9,133.5,0.247,7.3,61.2,,
2005,5,5,CHA,Raymond Felton,University of North Carolina,11,720,23861,9063,2287,4449,0.412,0.33,0.784,33.1,12.6,3.2,6.2,33.2,0.067,-0.4,9.4,,
2005,6,6,POR,Martell Webster,,10,580,13914,5056,1811,588,0.418,0.382,0.791,24,8.7,3.1,1,24.7,0.085,-0.7,4.6,,
2005,7,7,TOR,Charlie Villanueva,University of Connecticut,11,616,13165,6617,2926,533,0.437,0.344,0.769,21.4,10.7,4.8,0.9,22.6,0.083,-1.7,0.9,,
2005,8,8,NYK,Channing Frye,University of Arizona,10,675,16424,6380,3344,700,0.438,0.387,0.818,24.3,9.5,5,1,31.3,0.091,-0.1,7.9,,
2005,9,9,GSW,Ike Diogu,Arizona State University,6,225,2795,1348,689,69,0.509,0.5,0.786,12.4,6,3.1,0.3,6.5,0.112,-4.8,-2,,
2005,10,10,LAL,Andrew Bynum,,8,418,10690,4822,3221,490,0.556,0.111,0.69,25.6,11.5,7.7,1.2,37.4,0.168,1.3,9,,
2005,11,11,ORL,Fran Vazquez,,,,,,,,,,,,,,,,,,,,
2005,12,12,LAC,Yaroslav Korolev,,2,34,168,39,16,13,0.283,0.25,0.625,4.9,1.1,0.5,0.4,-0.1,-0.024,-6.4,-0.2,,
2005,13,13,CHA,Sean May,University of North Carolina,4,119,1868,821,481,115,0.458,0.231,0.746,15.7,6.9,4,1,2.6,0.068,-2.4,-0.2,,
2005,14,14,MIN,Rashad McCants,University of North Carolina,4,249,5037,2479,506,331,0.431,0.368,0.741,20.2,10,2,1.3,3.6,0.035,-2.5,-0.6,,
2005,15,15,NJN,Antoine Wright,Texas A&M University,6,297,5714,1614,681,295,0.412,0.304,0.674,19.2,5.4,2.3,1,3.1,0.026,-3.1,-1.5,,
2005,16,16,TOR,Joey Graham,Oklahoma State University,6,377,6117,2239,1058,207,0.483,0.3,0.815,16.2,5.9,2.8,0.5,7.8,0.061,-3.8,-2.8,,
2005,17,17,IND,Danny Granger,University of New Mexico,10,586,18487,9855,2888,1097,0.434,0.38,0.848,31.5,16.8,4.9,1.9,48.5,0.126,1.5,16.1,,
2005,18,18,BOS,Gerald Green,,9,444,8936,4531,1118,451,0.423,0.365,0.819,20.1,10.2,2.5,1,12.7,0.068,-2.2,-0.4,,
2005,19,19,MEM,Hakim Warrick,Syracuse University,8,526,10624,4947,2117,400,0.49,0.191,0.726,20.2,9.4,4,0.8,20.4,0.092,-3.1,-2.9,,
2005,20,20,DEN,Julius Hodge,North Carolina State University,2,23,98,28,15,18,0.44,,0.5,4.3,1.2,0.7,0.8,0,0.003,-4.5,-0.1,,
2005,21,21,PHO,Nate Robinson,University of Washington,11,618,13878,6807,1446,1826,0.423,0.36,0.796,22.5,11,2.3,3,27.8,0.096,0.2,7.8,,
2005,22,22,DEN,Jarrett Jack,Georgia Institute of Technology,11,793,22232,8751,2257,3518,0.441,0.348,0.854,28,11,2.8,4.4,35.5,0.077,-1,5.8,,
2005,23,23,SAC,Francisco Garcia,University of Louisville,10,549,11853,4323,1400,747,0.427,0.357,0.799,21.6,7.9,2.6,1.4,18.2,0.074,-0.3,4.9,,
2005,24,24,HOU,Luther Head,University of Illinois at Urbana-Champaign,6,348,7797,2842,845,747,0.423,0.388,0.773,22.4,8.2,2.4,2.1,14.7,0.09,-0.4,3.2,,
2005,25,25,SEA,Johan Petro,,8,473,7262,2202,1836,227,0.462,0.154,0.678,15.4,4.7,3.9,0.5,5.5,0.037,-4.2,-4,,
2005,26,26,DET,Jason Maxiell,University of Cincinnati,10,618,11379,3481,2576,266,0.495,0,0.564,18.4,5.6,4.2,0.4,20.3,0.086,-2,0.1,,
2005,27,27,POR,Linas Kleiza,University of Missouri,7,409,8185,3561,1470,321,0.435,0.335,0.763,20,8.7,3.6,0.8,13.6,0.08,-2.4,-0.9,,
2005,28,28,SAS,Ian Mahinmi,,8,388,6053,1763,1538,139,0.521,0,0.593,15.6,4.5,4,0.4,15.7,0.125,-0.8,1.8,,
2005,29,29,MIA,Wayne Simien,University of Kansas,2,51,507,169,99,11,0.469,,0.854,9.9,3.3,1.9,0.2,0.9,0.083,-4.8,-0.4,,
2005,30,30,NYK,David Lee,University of Florida,11,717,22258,10387,6665,1659,0.532,0.036,0.775,31,14.5,9.3,2.3,68.3,0.147,1.5,19.8,,
2006,1,1,TOR,Andrea Bargnani,,10,523,15432,7704,2484,639,0.438,0.355,0.825,29.5,14.7,4.7,1.2,18.8,0.059,-2.1,-0.4,http://d2cwpp38twqe55.cloudfront.net/images-011/players/bargnan01.png,
2006,2,2,CHI,LaMarcus Aldridge,University of Texas at Austin,10,671,23648,12922,5636,1293,0.484,0.266,0.796,35.2,19.3,8.4,1.9,71.7,0.146,1.1,18.7,http://d2cwpp38twqe55.cloudfront.net/images-011/players/aldrila01.png,
2006,3,3,CHA,Adam Morrison,Gonzaga University,3,161,3278,1200,342,222,0.373,0.331,0.71,20.4,7.5,2.1,1.4,-1.4,-0.021,-5.5,-2.9,http://d2cwpp38twqe55.cloudfront.net/images-011/players/morriad01.png,
2006,4,4,POR,Tyrus Thomas,Louisiana State University,8,402,7932,3093,1938,347,0.438,0.235,0.732,19.7,7.7,4.8,0.9,13,0.078,-1.1,1.7,http://d2cwpp38twqe55.cloudfront.net/images-011/players/thomaty01.png,
2006,5,5,ATL,Shelden Williams,Duke University,6,361,5586,1618,1562,163,0.462,0.222,0.74,15.5,4.5,4.3,0.5,9.9,0.085,-2.8,-1.2,http://d2cwpp38twqe55.cloudfront.net/images-011/players/willish02.png,
2006,6,6,MIN,Brandon Roy,University of Washington,6,326,11561,6136,1388,1517,0.459,0.348,0.8,35.5,18.8,4.3,4.7,37.4,0.155,3.2,15.2,http://d2cwpp38twqe55.cloudfront.net/images-011/players/roybr01.png,
2006,7,7,BOS,Randy Foye,Villanova University,10,625,16810,7014,1416,1856,0.404,0.37,0.854,26.9,11.2,2.3,3,22.4,0.064,-1,4.2,http://d2cwpp38twqe55.cloudfront.net/images-011/players/foyera01.png,
2006,8,8,HOU,Rudy Gay,University of Connecticut,10,675,24141,12495,3952,1550,0.451,0.344,0.796,35.8,18.5,5.9,2.3,42.9,0.085,0.5,15.4,http://d2cwpp38twqe55.cloudfront.net/images-011/players/gayru01.png,
2006,9,9,GSW,Patrick O'Bryant,Bradley University,4,90,524,186,127,25,0.494,0,0.583,5.8,2.1,1.4,0.3,0.5,0.046,-3.1,-0.2,http://d2cwpp38twqe55.cloudfront.net/images-011/players/obryapa01.png,
2006,10,10,SEA,Mouhamed Sene,,3,47,260,103,75,1,0.427,,0.589,5.5,2.2,1.6,0,0.3,0.052,-9.3,-0.5,,
2006,11,11,ORL,J.J. Redick,Duke University,10,557,13397,6103,1041,1092,0.442,0.402,0.886,24.1,11,1.9,2,36.3,0.13,0,6.8,http://d2cwpp38twqe55.cloudfront.net/images-011/players/redicjj01.png,
2006,12,12,NOK,Hilton Armstrong,University of Connecticut,6,292,3378,880,766,102,0.501,0.286,0.582,11.6,3,2.6,0.3,3.9,0.055,-2.8,-0.7,http://d2cwpp38twqe55.cloudfront.net/images-011/players/armsthi01.png,
2006,13,13,PHI,Thabo Sefolosha,,10,624,14389,3636,2373,928,0.443,0.348,0.741,23.1,5.8,3.8,1.5,28.1,0.094,1.1,11.2,http://d2cwpp38twqe55.cloudfront.net/images-011/players/sefolth01.png,
2006,14,14,UTA,Ronnie Brewer,University of Arkansas,8,502,11539,3940,1427,828,0.49,0.254,0.675,23,7.8,2.8,1.6,30.4,0.127,1.7,10.7,http://d2cwpp38twqe55.cloudfront.net/images-011/players/brewero02.png,
2006,15,15,NOK,Cedric Simmons,North Carolina State University,3,75,705,163,141,14,0.409,,0.39,9.4,2.2,1.9,0.2,0.1,0.005,-5.7,-0.7,,
2006,16,16,CHI,Rodney Carney,University of Memphis,5,299,4600,1778,588,132,0.422,0.338,0.704,15.4,5.9,2,0.4,6.2,0.064,-2.7,-0.8,http://d2cwpp38twqe55.cloudfront.net/images-011/players/carnero01.png,
2006,17,17,IND,Shawne Williams,University of Memphis,7,314,5368,1769,945,220,0.403,0.339,0.755,17.1,5.6,3,0.7,6.7,0.06,-2,0,http://d2cwpp38twqe55.cloudfront.net/images-011/players/willish03.png,
2006,18,18,WAS,Oleksiy Pecherov,,3,111,1044,438,266,20,0.386,0.29,0.793,9.4,3.9,2.4,0.2,0.5,0.025,-7,-1.3,,
2006,19,19,SAC,Quincy Douby,Rutgers University,3,143,1535,588,152,93,0.389,0.312,0.884,10.7,4.1,1.1,0.7,0,0,-5.4,-1.3,,
2006,20,20,NYK,Renaldo Balkman,University of South Carolina,6,221,3064,894,769,132,0.51,0.172,0.542,13.9,4,3.5,0.6,7.2,0.113,0.9,2.2,http://d2cwpp38twqe55.cloudfront.net/images-011/players/balkmre01.png,
2006,21,21,PHO,Rajon Rondo,University of Kentucky,10,597,19518,6512,2858,5040,0.469,0.274,0.605,32.7,10.9,4.8,8.4,48.2,0.119,2.1,19.9,http://d2cwpp38twqe55.cloudfront.net/images-011/players/rondora01.png,
2006,22,22,NJN,Marcus Williams,University of Connecticut,4,203,3095,1128,361,574,0.386,0.321,0.767,15.2,5.6,1.8,2.8,0,-0.001,-4.6,-2,http://d2cwpp38twqe55.cloudfront.net/images-011/players/willima04.png,
2006,23,23,NJN,Josh Boone,University of Connecticut,4,256,4482,1340,1258,125,0.544,,0.445,17.5,5.2,4.9,0.5,9.1,0.097,-1.9,0.1,http://d2cwpp38twqe55.cloudfront.net/images-011/players/boonejo01.png,
2006,24,24,MEM,Kyle Lowry,Villanova University,10,601,17857,7719,2382,3365,0.418,0.352,0.798,29.7,12.8,4,5.6,52.6,0.141,3.1,22.7,http://d2cwpp38twqe55.cloudfront.net/images-011/players/lowryky01.png,
2006,25,25,CLE,Shannon Brown,Michigan State University,9,408,7329,3118,760,458,0.42,0.332,0.807,18,7.6,1.9,1.1,9.2,0.06,-2.3,-0.6,http://d2cwpp38twqe55.cloudfront.net/images-011/players/brownsh01.png,
2006,26,26,LAL,Jordan Farmar,University of California Los Angeles,8,490,9514,3766,930,1407,0.423,0.374,0.734,19.4,7.7,1.9,2.9,13.4,0.068,-1.3,1.6,http://d2cwpp38twqe55.cloudfront.net/images-011/players/farmajo01.png,
2006,27,27,PHO,Sergio Rodriguez,,4,285,3763,1217,368,839,0.418,0.316,0.748,13.2,4.3,1.3,2.9,3.6,0.046,-2.9,-0.9,,
2006,28,28,DAL,Maurice Ager,Michigan State University,4,82,505,169,46,19,0.339,0.25,0.566,6.2,2.1,0.6,0.2,-0.9,-0.089,-10.4,-1.1,http://d2cwpp38twqe55.cloudfront.net/images-011/players/agerma01.png,
2006,29,29,NYK,Mardy Collins,Temple University,4,189,2771,742,336,327,0.38,0.299,0.599,14.7,3.9,1.8,1.7,-1.6,-0.027,-4.9,-2,http://d2cwpp38twqe55.cloudfront.net/images-011/players/collima01.png,
2006,30,30,POR,Joel Freeland,,3,151,1821,477,518,65,0.459,0,0.728,12.1,3.2,3.4,0.4,3.2,0.084,-2.5,-0.2,http://d2cwpp38twqe55.cloudfront.net/images-011/players/freeljo01.png,
2007,1,1,POR,Greg Oden,Ohio State University,3,105,2028,840,656,51,0.574,,0.658,19.3,8,6.2,0.5,7.3,0.174,1.1,1.6,http://d2cwpp38twqe55.cloudfront.net/images-011/players/odengr01.png,
2007,2,2,SEA,Kevin Durant,University of Texas at Austin,9,587,22273,16032,4072,2078,0.482,0.381,0.881,37.9,27.3,6.9,3.5,97.4,0.21,4.6,36.9,http://d2cwpp38twqe55.cloudfront.net/images-011/players/duranke01.png,
2007,3,3,ATL,Al Horford,University of Florida,9,521,17496,7419,4732,1400,0.537,0.336,0.742,33.6,14.2,9.1,2.7,57.3,0.157,2.8,21.3,http://d2cwpp38twqe55.cloudfront.net/images-011/players/horfoal01.png,
2007,4,4,MEM,Mike Conley,Ohio State University,9,606,19711,8137,1718,3388,0.44,0.373,0.806,32.5,13.4,2.8,5.6,49.3,0.12,1.4,16.9,http://d2cwpp38twqe55.cloudfront.net/images-011/players/conlemi01.png,
2007,5,5,BOS,Jeff Green,Georgetown University,8,581,18799,8216,2871,956,0.439,0.341,0.794,32.4,14.1,4.9,1.6,29.4,0.075,-1,4.6,http://d2cwpp38twqe55.cloudfront.net/images-011/players/greenje02.png,
2007,6,6,MIL,Yi Jianlian,,5,272,6038,2148,1339,192,0.404,0.333,0.78,22.2,7.9,4.9,0.7,3.1,0.025,-4.7,-4.1,http://d2cwpp38twqe55.cloudfront.net/images-011/players/jianlyi01.png,
2007,7,7,MIN,Corey Brewer,University of Florida,9,571,14612,5787,1746,975,0.425,0.289,0.71,25.6,10.1,3.1,1.7,17,0.056,-0.8,4.6,http://d2cwpp38twqe55.cloudfront.net/images-011/players/breweco01.png,
2007,8,8,CHA,Brandan Wright,University of North Carolina,8,367,6029,2611,1368,169,0.606,0,0.679,16.4,7.1,3.7,0.5,23,0.183,1.7,5.6,http://d2cwpp38twqe55.cloudfront.net/images-011/players/wrighbr03.png,
2007,9,9,CHI,Joakim Noah,University of Florida,9,563,16649,5275,5303,1663,0.492,0,0.712,29.6,9.4,9.4,3,57.2,0.165,4.3,26.6,http://d2cwpp38twqe55.cloudfront.net/images-011/players/noahjo01.png,
2007,10,10,SAC,Spencer Hawes,University of Washington,9,595,14081,5391,3542,1123,0.458,0.352,0.703,23.7,9.1,6,1.9,19.8,0.068,-0.8,4.4,http://d2cwpp38twqe55.cloudfront.net/images-011/players/hawessp01.png,
2007,11,11,ATL,Acie Law,Texas A&M University,4,188,2385,725,195,309,0.413,0.235,0.778,12.7,3.9,1,1.6,1.6,0.032,-5.4,-2,http://d2cwpp38twqe55.cloudfront.net/images-011/players/lawac01.png,
2007,12,12,PHI,Thaddeus Young,Georgia Institute of Technology,9,615,18690,8523,3461,910,0.497,0.32,0.69,30.4,13.9,5.6,1.5,40.3,0.103,0.3,10.9,http://d2cwpp38twqe55.cloudfront.net/images-011/players/youngth01.png,
2007,13,13,NOK,Julian Wright,University of Kansas,4,231,3049,907,531,182,0.499,0.262,0.584,13.2,3.9,2.3,0.8,3.9,0.061,-1.3,0.5,,
2007,14,14,LAC,Al Thornton,Florida State University,4,296,8274,3527,1233,353,0.452,0.293,0.747,28,11.9,4.2,1.2,6.1,0.035,-3.5,-3.1,http://d2cwpp38twqe55.cloudfront.net/images-011/players/thornal01.png,
2007,15,15,DET,Rodney Stuckey,Eastern Washington University,9,571,16341,7568,1727,2150,0.425,0.301,0.828,28.6,13.3,3,3.8,27.4,0.081,-1.1,3.6,http://d2cwpp38twqe55.cloudfront.net/images-011/players/stuckro01.png,
2007,16,16,WAS,Nick Young,University of Southern California,9,543,12818,6615,1100,570,0.423,0.377,0.834,23.6,12.2,2,1,14.3,0.053,-3.5,-5,http://d2cwpp38twqe55.cloudfront.net/images-011/players/youngni01.png,
2007,17,17,NJN,Sean Williams,Boston College,4,137,1978,581,472,47,0.511,0,0.624,14.4,4.2,3.4,0.3,3,0.073,-2,0,http://d2cwpp38twqe55.cloudfront.net/images-011/players/willise01.png,
2007,18,18,GSW,Marco Belinelli,,9,526,12081,5005,1065,860,0.428,0.388,0.822,23,9.5,2,1.6,20.1,0.08,-1.4,2,http://d2cwpp38twqe55.cloudfront.net/images-011/players/belinma01.png,
2007,19,19,LAL,Javaris Crittenton,Georgia Institute of Technology,2,113,1853,595,276,201,0.442,0.231,0.638,16.4,5.3,2.4,1.8,0.1,0.002,-4.3,-1.1,,
2007,20,20,MIA,Jason Smith,Colorado State University,8,431,7567,2727,1540,335,0.463,0.308,0.786,17.6,6.3,3.6,0.8,10.4,0.066,-2.7,-1.2,http://d2cwpp38twqe55.cloudfront.net/images-011/players/smithja02.png,
2007,21,21,PHI,Daequan Cook,Ohio State University,6,328,5993,2114,703,243,0.369,0.359,0.813,18.3,6.4,2.1,0.7,4.9,0.039,-3.6,-2.4,http://d2cwpp38twqe55.cloudfront.net/images-011/players/cookda02.png,
2007,22,22,CHA,Jared Dudley,Boston College,9,616,14863,5210,2090,938,0.468,0.398,0.739,24.1,8.5,3.4,1.5,34,0.11,1.4,12.8,http://d2cwpp38twqe55.cloudfront.net/images-011/players/dudleja01.png,
2007,23,23,NYK,Wilson Chandler,DePaul University,8,445,13833,6098,2356,784,0.442,0.339,0.777,31.1,13.7,5.3,1.8,20,0.069,-0.7,4.6,http://d2cwpp38twqe55.cloudfront.net/images-011/players/chandwi01.png,
2007,24,24,PHO,Rudy Fernandez,,4,249,5965,2254,608,554,0.399,0.36,0.84,24,9.1,2.4,2.2,14.2,0.114,1.8,5.7,http://d2cwpp38twqe55.cloudfront.net/images-011/players/fernaru01.png,
2007,25,25,UTA,Morris Almond,Rice University,3,38,361,119,46,12,0.381,0.292,0.743,9.5,3.1,1.2,0.3,0,0.005,-6.4,-0.4,,
2007,26,26,HOU,Aaron Brooks,University of Oregon,8,492,11452,5485,921,1631,0.415,0.371,0.845,23.3,11.1,1.9,3.3,18.5,0.078,-1.3,2,http://d2cwpp38twqe55.cloudfront.net/images-011/players/brookaa01.png,
2007,27,27,DET,Arron Afflalo,University of California Los Angeles,9,594,16715,6810,1783,1163,0.453,0.382,0.818,28.1,11.5,3,2,30,0.086,-0.6,5.9,http://d2cwpp38twqe55.cloudfront.net/images-011/players/afflaar01.png,
2007,28,28,SAS,Tiago Splitter,,6,327,6425,2662,1695,401,0.558,0,0.692,19.6,8.1,5.2,1.2,23.9,0.179,2.1,6.6,http://d2cwpp38twqe55.cloudfront.net/images-011/players/splitti01.png,
2007,29,29,PHO,Alando Tucker,University of Wisconsin,3,51,426,211,49,16,0.423,0.294,0.783,8.4,4.1,1,0.3,0.4,0.045,-6.7,-0.5,http://d2cwpp38twqe55.cloudfront.net/images-011/players/tuckeal02.png,
2007,30,30,PHI,Petteri Koponen,,,,,,,,,,,,,,,,,,,,
2008,1,1,CHI,Derrick Rose,University of Memphis,7,359,12735,7172,1331,2311,0.448,0.3,0.812,35.5,20,3.7,6.4,30.8,0.116,1.4,11,http://d2cwpp38twqe55.cloudfront.net/images-011/players/rosede01.png,
2008,2,2,MIA,Michael Beasley,Kansas State University,7,433,10675,5628,2096,571,0.45,0.343,0.759,24.7,13,4.8,1.3,10.2,0.046,-3.5,-4,http://d2cwpp38twqe55.cloudfront.net/images-011/players/beaslmi01.png,
2008,3,3,MIN,O.J. Mayo,University of Southern California,8,520,16243,7398,1646,1532,0.431,0.375,0.822,31.2,14.2,3.2,2.9,22.2,0.066,-0.6,5.6,http://d2cwpp38twqe55.cloudfront.net/images-011/players/mayooj01.png,
2008,4,4,SEA,Russell Westbrook,University of California Los Angeles,8,531,18066,11346,2838,3849,0.433,0.305,0.82,34,21.4,5.3,7.2,57.9,0.154,4.7,30.7,http://d2cwpp38twqe55.cloudfront.net/images-011/players/westbru01.png,
2008,5,5,MEM,Kevin Love,University of California Los Angeles,8,461,15196,8608,5427,1120,0.448,0.364,0.815,33,18.7,11.8,2.4,58.6,0.185,3.3,20.5,http://d2cwpp38twqe55.cloudfront.net/images-011/players/loveke01.png,
2008,6,6,NYK,Danilo Gallinari,,7,367,11155,5280,1694,687,0.415,0.367,0.856,30.4,14.4,4.6,1.9,30.5,0.131,1.1,8.8,http://d2cwpp38twqe55.cloudfront.net/images-011/players/gallida01.png,
2008,7,7,LAC,Eric Gordon,Indiana University,8,395,13441,6616,1002,1313,0.435,0.38,0.811,34,16.7,2.5,3.3,21,0.075,-0.5,5,http://d2cwpp38twqe55.cloudfront.net/images-011/players/gordoer01.png,
2008,8,8,MIL,Joe Alexander,West Virginia University,2,67,745,282,120,44,0.41,0.34,0.698,11.1,4.2,1.8,0.7,0.5,0.03,-3.3,-0.2,http://d2cwpp38twqe55.cloudfront.net/images-011/players/alexajo01.png,
2008,9,9,CHA,D.J. Augustin,University of Texas at Austin,8,535,13068,5255,977,2131,0.403,0.373,0.87,24.4,9.8,1.8,4,27.8,0.102,-1.4,1.9,http://d2cwpp38twqe55.cloudfront.net/images-011/players/augusdj01.png,
2008,10,10,NJN,Brook Lopez,Stanford University,8,437,14211,7850,3217,581,0.51,0.05,0.794,32.5,18,7.4,1.3,40.5,0.137,0.7,9.8,http://d2cwpp38twqe55.cloudfront.net/images-011/players/lopezbr01.png,
2008,11,11,IND,Jerryd Bayless,University of Arizona,8,477,9924,4041,996,1396,0.414,0.355,0.826,20.8,8.5,2.1,2.9,16.2,0.078,-1.7,0.7,http://d2cwpp38twqe55.cloudfront.net/images-011/players/bayleje01.png,
2008,12,12,SAC,Jason Thompson,Rider University,8,553,14417,5080,3769,613,0.496,0.037,0.655,26.1,9.2,6.8,1.1,22.3,0.074,-1.7,1,http://d2cwpp38twqe55.cloudfront.net/images-011/players/thompja02.png,
2008,13,13,POR,Brandon Rush,University of Kansas,8,379,8708,2828,1179,377,0.431,0.404,0.707,23,7.5,3.1,1,9.3,0.051,-1.7,0.6,http://d2cwpp38twqe55.cloudfront.net/images-011/players/rushbr01.png,
2008,14,14,GSW,Anthony Randolph,Louisiana State University,6,252,3841,1789,1078,187,0.453,0.241,0.74,15.2,7.1,4.3,0.7,5.8,0.072,-2.1,-0.1,http://d2cwpp38twqe55.cloudfront.net/images-011/players/randoan01.png,
2008,15,15,PHO,Robin Lopez,Stanford University,8,490,10460,3981,2486,279,0.528,0,0.762,21.3,8.1,5.1,0.6,29,0.133,0.5,6.6,http://d2cwpp38twqe55.cloudfront.net/images-011/players/lopezro01.png,
2008,16,16,PHI,Marreese Speights,University of Florida,8,520,8050,4066,2193,309,0.468,0.233,0.785,15.5,7.8,4.2,0.6,19.1,0.114,-3.5,-2.9,http://d2cwpp38twqe55.cloudfront.net/images-011/players/speigma01.png,
2008,17,17,TOR,Roy Hibbert,Georgetown University,8,557,14485,6092,3780,809,0.464,0.25,0.753,26,10.9,6.8,1.5,33,0.109,0.5,9,http://d2cwpp38twqe55.cloudfront.net/images-011/players/hibbero01.png,
2008,18,18,WAS,JaVale McGee,University of Nevada Reno,8,388,7659,3248,2129,135,0.541,0.2,0.585,19.7,8.4,5.5,0.3,18.6,0.117,-0.8,2.3,http://d2cwpp38twqe55.cloudfront.net/images-011/players/mcgeeja01.png,
2008,19,19,CLE,J.J. Hickson,North Carolina State University,8,516,11781,5009,3589,442,0.505,0,0.622,22.8,9.7,7,0.9,21.7,0.088,-2.3,-0.8,http://d2cwpp38twqe55.cloudfront.net/images-011/players/hicksjj01.png,
2008,20,20,CHA,Alexis Ajinca,,6,214,2714,1102,786,107,0.516,0.324,0.802,12.7,5.1,3.7,0.5,6,0.105,-1.7,0.2,http://d2cwpp38twqe55.cloudfront.net/images-011/players/ajincal01.png,
2008,21,21,NJN,Ryan Anderson,University of California,8,439,11264,5592,2441,389,0.424,0.378,0.858,25.7,12.7,5.6,0.9,34.3,0.146,1.4,9.7,http://d2cwpp38twqe55.cloudfront.net/images-011/players/anderry01.png,
2008,22,22,ORL,Courtney Lee,Western Kentucky University,8,546,14770,5254,1419,843,0.448,0.38,0.851,27.1,9.6,2.6,1.5,26.8,0.087,-0.2,6.7,http://d2cwpp38twqe55.cloudfront.net/images-011/players/leeco01.png,
2008,23,23,UTA,Kosta Koufos,Ohio State University,8,448,7025,2487,2140,163,0.529,0,0.617,15.7,5.6,4.8,0.4,19.2,0.131,-0.7,2.4,http://d2cwpp38twqe55.cloudfront.net/images-011/players/koufoko01.png,
2008,24,24,SEA,Serge Ibaka,,7,470,13376,5384,3514,264,0.53,0.372,0.744,28.5,11.5,7.5,0.6,44.1,0.158,1.1,10.3,http://d2cwpp38twqe55.cloudfront.net/images-011/players/ibakase01.png,
2008,25,25,HOU,Nicolas Batum,,8,504,15622,5780,2587,1554,0.444,0.364,0.836,31,11.5,5.1,3.1,39.6,0.122,3.1,19.9,http://d2cwpp38twqe55.cloudfront.net/images-011/players/batumni01.png,
2008,26,26,SAS,George Hill,Indiana University-Purdue University Indianapolis,8,495,13950,5552,1538,1607,0.45,0.372,0.804,28.2,11.2,3.1,3.2,43.2,0.149,2,14.1,http://d2cwpp38twqe55.cloudfront.net/images-011/players/hillge01.png,
2008,27,27,NOH,Darrell Arthur,University of Kansas,7,394,7068,2578,1428,281,0.442,0.291,0.758,17.9,6.5,3.6,0.7,9.6,0.065,-2.2,-0.4,http://d2cwpp38twqe55.cloudfront.net/images-011/players/arthuda01.png,
2008,28,28,MEM,Donte Greene,Syracuse University,4,253,4259,1541,600,183,0.406,0.304,0.701,16.8,6.1,2.4,0.7,1.5,0.017,-3.8,-2,http://d2cwpp38twqe55.cloudfront.net/images-011/players/greendo01.png,
2008,29,29,DET,D.J. White,Indiana University,6,138,2111,810,437,80,0.507,0.333,0.72,15.3,5.9,3.2,0.6,3.8,0.087,-3.3,-0.7,,
2008,30,30,BOS,J.R. Giddens,University of New Mexico,2,38,247,73,54,13,0.476,0,0.565,6.5,1.9,1.4,0.3,0.1,0.027,-4.6,-0.2,,
2009,1,1,LAC,Blake Griffin,University of Oklahoma,6,399,14143,8625,3848,1598,0.523,0.267,0.66,35.4,21.6,9.6,4,54.4,0.184,4.2,22.3,http://d2cwpp38twqe55.cloudfront.net/images-011/players/griffbl01.png,
2009,2,2,MEM,Hasheem Thabeet,University of Connecticut,5,224,2357,483,595,27,0.567,,0.578,10.5,2.2,2.7,0.1,4.8,0.099,-1.4,0.4,http://d2cwpp38twqe55.cloudfront.net/images-011/players/thabeha01.png,
2009,3,3,OKC,James Harden,Arizona State University,7,476,15546,9584,2085,2170,0.441,0.366,0.855,32.7,20.1,4.4,4.6,66.6,0.206,5,27.5,http://d2cwpp38twqe55.cloudfront.net/images-011/players/hardeja01.png,
2009,4,4,SAC,Tyreke Evans,University of Memphis,7,414,13866,6934,2018,2172,0.446,0.282,0.755,33.5,16.7,4.9,5.2,22,0.076,0.9,10.1,http://d2cwpp38twqe55.cloudfront.net/images-011/players/evansty01.png,
2009,5,5,MIN,Ricky Rubio,,5,219,6931,2216,951,1795,0.365,0.305,0.806,31.6,10.1,4.3,8.2,12.6,0.087,1.3,5.8,http://d2cwpp38twqe55.cloudfront.net/images-011/players/rubiori01.png,
2009,6,6,MIN,Jonny Flynn,Syracuse University,3,163,3738,1504,307,634,0.4,0.338,0.809,22.9,9.2,1.9,3.9,-1.1,-0.015,-4.9,-2.7,http://d2cwpp38twqe55.cloudfront.net/images-011/players/flynnjo01.png,
2009,7,7,GSW,Stephen Curry,Davidson College,7,441,15432,9521,1852,3017,0.474,0.442,0.901,35,21.6,4.2,6.8,60.3,0.187,5.4,28.9,http://d2cwpp38twqe55.cloudfront.net/images-011/players/curryst01.png,
2009,8,8,NYK,Jordan Hill,University of Arizona,7,349,6584,2755,2073,262,0.492,0.136,0.698,18.9,7.9,5.9,0.8,13.8,0.101,-2.1,-0.1,http://d2cwpp38twqe55.cloudfront.net/images-011/players/hilljo01.png,
2009,9,9,TOR,DeMar DeRozan,University of Southern California,7,468,15755,8151,1797,1159,0.441,0.266,0.82,33.7,17.4,3.8,2.5,28.5,0.087,-1.5,1.8,http://d2cwpp38twqe55.cloudfront.net/images-011/players/derozde01.png,
2009,10,10,MIL,Brandon Jennings,,6,412,13969,6819,1336,2542,0.391,0.351,0.802,33.9,16.6,3.2,6.2,26.6,0.091,1.1,10.8,http://d2cwpp38twqe55.cloudfront.net/images-011/players/jennibr01.png,
2009,11,11,NJN,Terrence Williams,University of Louisville,4,153,2922,1085,545,364,0.412,0.317,0.659,19.1,7.1,3.6,2.4,-0.2,-0.004,-3.8,-1.4,http://d2cwpp38twqe55.cloudfront.net/images-011/players/willite01.png,
2009,12,12,CHA,Gerald Henderson,Duke University,7,407,10998,4804,1353,833,0.441,0.314,0.791,27,11.8,3.3,2,14.3,0.063,-2.1,-0.2,http://d2cwpp38twqe55.cloudfront.net/images-011/players/hendege02.png,
2009,13,13,IND,Tyler Hansbrough,University of North Carolina,7,394,6949,2811,1733,177,0.44,0.143,0.744,17.6,7.1,4.4,0.4,19.6,0.135,-2.4,-0.8,http://d2cwpp38twqe55.cloudfront.net/images-011/players/hansbty01.png,
2009,14,14,PHO,Earl Clark,University of Louisville,6,261,3630,1138,778,134,0.403,0.328,0.664,13.9,4.4,3,0.5,2.9,0.038,-3.6,-1.5,http://d2cwpp38twqe55.cloudfront.net/images-011/players/clarkea01.png,
2009,15,15,DET,Austin Daye,Gonzaga University,6,293,4132,1522,764,212,0.402,0.351,0.778,14.1,5.2,2.6,0.7,4.5,0.053,-2.6,-0.6,http://d2cwpp38twqe55.cloudfront.net/images-011/players/dayeau01.png,
2009,16,16,CHI,James Johnson,Wake Forest University,7,361,6590,2386,1172,542,0.479,0.263,0.696,18.3,6.6,3.2,1.5,11.2,0.082,1.1,5.1,http://d2cwpp38twqe55.cloudfront.net/images-011/players/johnsja01.png,
2009,17,17,PHI,Jrue Holiday,University of California Los Angeles,7,389,12614,5274,1371,2348,0.438,0.377,0.792,32.4,13.6,3.5,6,19.7,0.075,0.6,8.3,http://d2cwpp38twqe55.cloudfront.net/images-011/players/holidjr01.png,
2009,18,18,MIN,Ty Lawson,University of North Carolina,7,439,13561,6075,1255,2846,0.462,0.367,0.768,30.9,13.8,2.9,6.5,37.9,0.134,1.2,10.9,http://d2cwpp38twqe55.cloudfront.net/images-011/players/lawsoty01.png,
2009,19,19,ATL,Jeff Teague,Wake Forest University,7,461,11923,5402,960,2335,0.448,0.344,0.84,25.9,11.7,2.1,5.1,28.7,0.115,-0.3,5.1,http://d2cwpp38twqe55.cloudfront.net/images-011/players/teaguje01.png,
2009,20,20,UTA,Eric Maynor,Virginia Commonwealth University,5,267,3896,1141,348,760,0.392,0.35,0.721,14.6,4.3,1.3,2.8,3.3,0.041,-4.7,-2.7,http://d2cwpp38twqe55.cloudfront.net/images-011/players/maynoer01.png,
2009,21,21,NOH,Darren Collison,University of California Los Angeles,7,440,12885,5463,1185,2160,0.463,0.365,0.851,29.3,12.4,2.7,4.9,27.2,0.101,-0.1,6.1,http://d2cwpp38twqe55.cloudfront.net/images-011/players/collida01.png,
2009,22,22,POR,Victor Claver,,3,80,1072,258,178,56,0.398,0.293,0.585,13.4,3.2,2.2,0.7,0.2,0.011,-3.3,-0.4,http://d2cwpp38twqe55.cloudfront.net/images-011/players/clavevi01.png,
2009,23,23,SAC,Omri Casspi,,7,417,8824,3384,1659,488,0.437,0.361,0.676,21.2,8.1,4,1.2,13,0.071,-1.5,1.1,http://d2cwpp38twqe55.cloudfront.net/images-011/players/casspom01.png,
2009,24,24,DAL,Byron Mullens,Ohio State University,5,189,3446,1398,790,153,0.408,0.319,0.706,18.2,7.4,4.2,0.8,0.6,0.008,-4.6,-2.3,http://d2cwpp38twqe55.cloudfront.net/images-011/players/mulleby01.png,
2009,25,25,OKC,Rodrigue Beaubois,,4,182,2896,1286,338,374,0.439,0.325,0.81,15.9,7.1,1.9,2.1,4.8,0.079,-0.1,1.4,http://d2cwpp38twqe55.cloudfront.net/images-011/players/beaubro01.png,
2009,26,26,CHI,Taj Gibson,University of Southern California,7,455,11178,4157,2823,426,0.486,0.048,0.692,24.6,9.1,6.2,0.9,29.4,0.126,-0.1,5.2,http://d2cwpp38twqe55.cloudfront.net/images-011/players/gibsota01.png,
2009,27,27,MEM,DeMarre Carroll,University of Missouri,7,334,7450,2632,1265,391,0.454,0.366,0.726,22.3,7.9,3.8,1.2,17.9,0.115,1.3,6.3,http://d2cwpp38twqe55.cloudfront.net/images-011/players/carrode01.png,
2009,28,28,MIN,Wayne Ellington,University of North Carolina,7,399,7563,2722,817,418,0.414,0.377,0.844,19,6.8,2,1,6.6,0.042,-3.1,-2.1,http://d2cwpp38twqe55.cloudfront.net/images-011/players/ellinwa01.png,
2009,29,29,LAL,Toney Douglas,Florida State University,7,325,6116,2479,693,705,0.406,0.354,0.824,18.8,7.6,2.1,2.2,9.6,0.075,-0.8,1.8,http://d2cwpp38twqe55.cloudfront.net/images-011/players/douglto01.png,
2009,30,30,CLE,Christian Eyenga,,2,51,1049,320,137,40,0.411,0.277,0.611,20.6,6.3,2.7,0.8,-0.4,-0.02,-4,-0.5,http://d2cwpp38twqe55.cloudfront.net/images-011/players/eyengch01.png,
2010,1,1,WAS,John Wall,University of Kentucky,6,367,13180,6527,1604,3183,0.432,0.31,0.788,35.9,17.8,4.4,8.7,27.9,0.102,2.1,13.4,http://d2cwpp38twqe55.cloudfront.net/images-011/players/walljo01.png,
2010,2,2,PHI,Evan Turner,Ohio State University,6,412,11755,4407,2130,1494,0.427,0.304,0.769,28.5,10.7,5.2,3.6,11.7,0.048,-2.1,-0.4,http://d2cwpp38twqe55.cloudfront.net/images-011/players/turneev01.png,
2010,3,3,NJN,Derrick Favors,Georgia Institute of Technology,6,388,9866,4345,2814,392,0.513,0.077,0.662,25.4,11.2,7.3,1,26.8,0.131,0.8,7,,
2010,4,4,MIN,Wesley Johnson,Syracuse University,6,373,9348,3109,1254,497,0.412,0.35,0.753,25.1,8.3,3.4,1.3,6.6,0.034,-1.4,1.5,,
2010,5,5,SAC,DeMarcus Cousins,University of Kentucky,6,366,11388,7021,3896,968,0.46,0.23,0.732,31.1,19.2,10.6,2.6,25,0.105,1.7,10.6,http://d2cwpp38twqe55.cloudfront.net/images-011/players/couside01.png,
2010,6,6,GSW,Ekpe Udoh,Baylor University,5,270,4564,1072,860,179,0.429,0,0.72,16.9,4,3.2,0.7,5.7,0.06,-1.1,1,http://d2cwpp38twqe55.cloudfront.net/images-011/players/udohek01.png,
2010,7,7,DET,Greg Monroe,Georgetown University,6,403,12602,5815,3725,912,0.507,0,0.696,31.3,14.4,9.2,2.3,34.8,0.133,2.2,13.2,http://d2cwpp38twqe55.cloudfront.net/images-011/players/monrogr01.png,
2010,8,8,LAC,Al-Farouq Aminu,Wake Forest University,6,402,9185,2668,2174,446,0.432,0.298,0.726,22.8,6.6,5.4,1.1,12.4,0.065,-0.4,3.7,http://d2cwpp38twqe55.cloudfront.net/images-011/players/aminual01.png,
2010,9,9,UTA,Gordon Hayward,Butler University,6,385,11537,5316,1469,1284,0.439,0.37,0.812,30,13.8,3.8,3.3,26.1,0.109,1.4,9.9,http://d2cwpp38twqe55.cloudfront.net/images-011/players/haywago01.png,
2010,10,10,IND,Paul George,California State University Fresno,6,314,9982,5035,1938,931,0.429,0.368,0.828,31.8,16,6.2,3,31.8,0.153,4,15.1,http://d2cwpp38twqe55.cloudfront.net/images-011/players/georgpa01.png,
2010,11,11,NOH,Cole Aldrich,University of Kansas,6,201,2026,610,675,105,0.504,,0.776,10.1,3,3.4,0.5,4.8,0.114,-0.3,0.9,http://d2cwpp38twqe55.cloudfront.net/images-011/players/aldrico01.png,
2010,12,12,MEM,Xavier Henry,University of Kansas,5,185,2905,1050,351,120,0.406,0.325,0.635,15.7,5.7,1.9,0.6,0.8,0.013,-5.1,-2.3,http://d2cwpp38twqe55.cloudfront.net/images-011/players/henryxa01.png,
2010,13,13,TOR,Ed Davis,University of North Carolina,6,379,8131,2733,2415,315,0.561,0,0.562,21.5,7.2,6.4,0.8,24.3,0.144,1.1,6.4,http://d2cwpp38twqe55.cloudfront.net/images-011/players/davised01.png,
2010,14,14,HOU,Patrick Patterson,University of Kentucky,6,358,8384,2897,1704,434,0.472,0.363,0.74,23.4,8.1,4.8,1.2,18.8,0.108,0.6,5.5,http://d2cwpp38twqe55.cloudfront.net/images-011/players/pattepa01.png,
2010,15,15,MIL,Larry Sanders,Virginia Commonwealth University,5,233,4622,1516,1341,174,0.48,0,0.55,19.8,6.5,5.8,0.7,10.3,0.107,0.6,3.1,http://d2cwpp38twqe55.cloudfront.net/images-011/players/sandela01.png,
2010,16,16,MIN,Luke Babbitt,University of Nevada Reno,6,231,2981,981,512,114,0.399,0.397,0.722,12.9,4.2,2.2,0.5,3.5,0.056,-3,-0.7,http://d2cwpp38twqe55.cloudfront.net/images-011/players/babbilu01.png,
2010,17,17,CHI,Kevin Seraphin,,6,345,5576,2181,1246,202,0.488,0,0.717,16.2,6.3,3.6,0.6,5.1,0.044,-3.9,-2.6,http://d2cwpp38twqe55.cloudfront.net/images-011/players/serapke01.png,
2010,18,18,OKC,Eric Bledsoe,University of Kentucky,6,345,8921,3993,1239,1471,0.448,0.334,0.779,25.9,11.6,3.6,4.3,18.2,0.098,1.7,8.3,http://d2cwpp38twqe55.cloudfront.net/images-011/players/bledser01.png,
2010,19,19,BOS,Avery Bradley,University of Texas at Austin,6,304,7934,3318,763,470,0.437,0.37,0.781,26.1,10.9,2.5,1.5,8.4,0.051,-1.9,0.3,http://d2cwpp38twqe55.cloudfront.net/images-011/players/bradlav01.png,
2010,20,20,SAS,James Anderson,Oklahoma State University,5,209,3719,1276,485,255,0.413,0.33,0.761,17.8,6.1,2.3,1.2,3.4,0.043,-2.6,-0.6,http://d2cwpp38twqe55.cloudfront.net/images-011/players/anderja01.png,
2010,21,21,OKC,Craig Brackins,Iowa State University,2,17,121,30,19,9,0.265,0.214,0.5,7.1,1.8,1.1,0.5,-0.2,-0.089,-9.1,-0.2,http://d2cwpp38twqe55.cloudfront.net/images-011/players/brackcr01.png,
2010,22,22,POR,Elliot Williams,University of Memphis,3,104,1425,529,157,90,0.426,0.312,0.667,13.7,5.1,1.5,0.9,0.8,0.026,-5.2,-1.1,http://d2cwpp38twqe55.cloudfront.net/images-011/players/williel01.png,
2010,23,23,MIN,Trevor Booker,Clemson University,6,335,6777,2185,1719,281,0.512,0.298,0.611,20.2,6.5,5.1,0.8,16.5,0.117,0.1,3.5,http://d2cwpp38twqe55.cloudfront.net/images-011/players/booketr01.png,
2010,24,24,ATL,Damion James,University of Texas at Austin,4,39,623,150,131,26,0.415,0,0.667,16,3.8,3.4,0.7,0,-0.001,-4.3,-0.4,http://d2cwpp38twqe55.cloudfront.net/images-011/players/jamesda01.png,
2010,25,25,MEM,Dominique Jones,University of South Florida,3,80,741,246,114,144,0.366,0.095,0.729,9.3,3.1,1.4,1.8,0.3,0.017,-3.6,-0.3,http://d2cwpp38twqe55.cloudfront.net/images-011/players/jonesdo02.png,
2010,26,26,OKC,Quincy Pondexter,University of Washington,5,279,5042,1466,567,230,0.424,0.365,0.732,18.1,5.3,2,0.8,9.1,0.087,-1,1.2,http://d2cwpp38twqe55.cloudfront.net/images-011/players/pondequ01.png,
2010,27,27,NJN,Jordan Crawford,Xavier University,4,257,6348,3132,665,813,0.405,0.306,0.828,24.7,12.2,2.6,3.2,5.2,0.039,-2.2,-0.4,http://d2cwpp38twqe55.cloudfront.net/images-011/players/crawfjo02.png,
2010,28,28,MEM,Greivis Vasquez,University of Maryland,6,391,9382,3565,1009,1910,0.42,0.351,0.819,24,9.1,2.6,4.9,12.8,0.066,-1.4,1.4,http://d2cwpp38twqe55.cloudfront.net/images-011/players/vasqugr01.png,
2010,29,29,ORL,Daniel Orton,University of Kentucky,3,51,542,143,126,24,0.485,0,0.597,10.6,2.8,2.5,0.5,1,0.093,-1.7,0,http://d2cwpp38twqe55.cloudfront.net/images-011/players/ortonda01.png,
2010,30,30,WAS,Lazar Hayward,Marquette University,3,72,591,207,90,35,0.347,0.269,0.767,8.2,2.9,1.3,0.5,0.2,0.02,-4.6,-0.4,http://d2cwpp38twqe55.cloudfront.net/images-011/players/haywala01.png,
2011,1,1,CLE,Kyrie Irving,Duke University,4,256,8832,5375,903,1447,0.453,0.39,0.862,34.5,21,3.5,5.7,26.4,0.144,3.3,11.8,http://d2cwpp38twqe55.cloudfront.net/images-011/players/irvinky01.png,
2011,2,2,MIN,Derrick Williams,University of Arizona,5,320,6928,2925,1321,210,0.428,0.302,0.705,21.7,9.1,4.1,0.7,10.3,0.071,-3.1,-1.9,http://d2cwpp38twqe55.cloudfront.net/images-011/players/willide02.png,
2011,3,3,UTA,Enes Kanter,,5,315,6706,3230,2037,184,0.514,0.36,0.75,21.3,10.3,6.5,0.6,14.9,0.107,-3,-1.6,http://d2cwpp38twqe55.cloudfront.net/images-011/players/kanteen01.png,
2011,4,4,CLE,Tristan Thompson,University of Texas at Austin,5,328,9366,3260,2787,265,0.49,0,0.627,28.6,9.9,8.5,0.8,20.7,0.106,-1.5,1.2,http://d2cwpp38twqe55.cloudfront.net/images-011/players/thomptr01.png,
2011,5,5,TOR,Jonas Valanciunas,,4,237,6242,2611,1909,147,0.553,0,0.777,26.3,11,8.1,0.6,20.4,0.157,-0.9,1.7,http://d2cwpp38twqe55.cloudfront.net/images-011/players/valanjo01.png,
2011,6,6,WAS,Jan Vesely,,3,162,2455,590,562,96,0.521,0,0.408,15.2,3.6,3.5,0.6,4,0.078,-0.6,0.9,http://d2cwpp38twqe55.cloudfront.net/images-011/players/veselja01.png,
2011,7,7,SAC,Bismack Biyombo,,5,309,6505,1367,1912,91,0.497,,0.541,21.1,4.4,6.2,0.3,10.6,0.078,-2.6,-1,http://d2cwpp38twqe55.cloudfront.net/images-011/players/biyombi01.png,
2011,8,8,DET,Brandon Knight,University of Kentucky,5,301,9829,4725,1066,1372,0.419,0.365,0.799,32.7,15.7,3.5,4.6,11.8,0.058,-0.7,3.3,http://d2cwpp38twqe55.cloudfront.net/images-011/players/knighbr03.png,
2011,9,9,CHA,Kemba Walker,University of Connecticut,5,306,10163,5033,1138,1633,0.399,0.324,0.813,33.2,16.4,3.7,5.3,17.6,0.083,1.4,8.8,http://d2cwpp38twqe55.cloudfront.net/images-011/players/walkeke02.png,
2011,10,10,MIL,Jimmer Fredette,Brigham Young University,5,233,3143,1409,236,323,0.411,0.38,0.878,13.5,6,1,1.4,2.3,0.036,-4,-1.6,http://d2cwpp38twqe55.cloudfront.net/images-011/players/fredeji01.png,
2011,11,11,GSW,Klay Thompson,Washington State University,5,329,10593,5753,1044,777,0.444,0.42,0.845,32.2,17.5,3.2,2.4,23.6,0.107,0.5,6.7,https://blog-blogmediainc.netdna-ssl.com/upload/SportsBlogcom/195401/0030555001423859972_filepicker.png,
2011,12,12,UTA,Alec Burks,University of Colorado,5,250,5794,2679,730,493,0.432,0.361,0.753,23.2,10.7,2.9,2,8.8,0.073,-1.7,0.4,http://i.cdn.turner.com/nba/nba/.element/img/2.0/sect/statscube/players/large/alec_burks.png,
2011,13,13,PHO,Markieff Morris,University of Kansas,5,326,8250,3716,1759,539,0.445,0.325,0.762,25.3,11.4,5.4,1.7,13.9,0.081,-0.4,3.3,http://i.cdn.turner.com/nba/nba/.element/img/2.0/sect/statscube/players/large/markieff_morris.png,
2011,14,14,HOU,Marcus Morris,University of Kansas,5,282,6396,2645,1142,336,0.428,0.36,0.685,22.7,9.4,4,1.2,12,0.09,-0.6,2.2,http://a.espncdn.com/combiner/i?img=/i/headshots/nba/players/full/6462.png&w=350&h=254,
2011,15,15,IND,Kawhi Leonard,San Diego State University,5,275,8067,3576,1722,518,0.497,0.382,0.811,29.3,13,6.3,1.9,32.9,0.196,5.5,15.2,http://d2cwpp38twqe55.cloudfront.net/images-011/players/leonaka01.png,
2011,16,16,PHI,Nikola Vucevic,University of Southern California,5,279,8307,3839,2774,472,0.511,0.316,0.729,29.8,13.8,9.9,1.7,20.9,0.12,0.4,5.1,http://d2cwpp38twqe55.cloudfront.net/images-011/players/vucevni01.png,
2011,17,17,NYK,Iman Shumpert,Georgia Institute of Technology,5,241,6233,1873,857,503,0.398,0.343,0.752,25.9,7.8,3.6,2.1,8,0.062,0,3.1,http://d2cwpp38twqe55.cloudfront.net/images-011/players/shumpim01.png,
2011,18,18,WAS,Chris Singleton,Florida State University,3,148,2605,612,472,92,0.376,0.319,0.633,17.6,4.1,3.2,0.6,2.3,0.042,-2.3,-0.2,http://d2cwpp38twqe55.cloudfront.net/images-011/players/singlch01.png,
2011,19,19,CHA,Tobias Harris,University of Tennessee,5,249,6732,3195,1410,341,0.462,0.319,0.795,27,12.8,5.7,1.4,14.3,0.102,-0.8,2,http://d2cwpp38twqe55.cloudfront.net/images-011/players/harrito02.png,
2011,20,20,MIN,Donatas Motiejunas,,4,181,3563,1459,745,197,0.481,0.315,0.606,19.7,8.1,4.1,1.1,6.5,0.087,-1.6,0.4,http://d2cwpp38twqe55.cloudfront.net/images-011/players/motiedo01.png,
2011,21,21,POR,Nolan Smith,Duke University,2,84,829,277,83,97,0.371,0.26,0.714,9.9,3.3,1,1.2,-0.8,-0.047,-6.5,-0.9,http://d2cwpp38twqe55.cloudfront.net/images-011/players/smithno01.png,
2011,22,22,DEN,Kenneth Faried,Morehead State University,5,300,8060,3666,2609,321,0.542,0.091,0.645,26.9,12.2,8.7,1.1,25.9,0.154,1.6,7.3,http://d2cwpp38twqe55.cloudfront.net/images-011/players/farieke01.png,
2011,23,23,HOU,Nikola Mirotic,,2,103,2154,1070,542,131,0.401,0.32,0.804,20.9,10.4,5.3,1.3,6.9,0.153,1.2,1.7,http://d2cwpp38twqe55.cloudfront.net/images-011/players/mirotni01.png,
2011,24,24,OKC,Reggie Jackson,Boston College,5,297,6807,3163,957,1145,0.432,0.302,0.858,22.9,10.6,3.2,3.9,15.2,0.107,0.2,3.7,http://d2cwpp38twqe55.cloudfront.net/images-011/players/jacksre01.png,
2011,25,25,BOS,MarShon Brooks,Providence College,3,164,2876,1261,358,232,0.442,0.326,0.748,17.5,7.7,2.2,1.4,2.5,0.041,-2.5,-0.4,http://d2cwpp38twqe55.cloudfront.net/images-011/players/brookma01.png,
2011,26,26,DAL,Jordan Hamilton,University of Texas at Austin,4,140,1796,765,367,102,0.405,0.366,0.671,12.8,5.5,2.6,0.7,2.8,0.076,-1.3,0.3,http://d2cwpp38twqe55.cloudfront.net/images-011/players/hamiljo02.png,
2011,27,27,NJN,JaJuan Johnson,Purdue University,1,36,298,114,58,6,0.446,,0.667,8.3,3.2,1.6,0.2,0.2,0.032,-6.3,-0.3,http://d2cwpp38twqe55.cloudfront.net/images-011/players/johnsja02.png,
2011,28,28,CHI,Norris Cole,Cleveland State University,5,308,6828,2029,554,816,0.407,0.319,0.724,22.2,6.6,1.8,2.6,2.8,0.019,-4,-3.5,http://d2cwpp38twqe55.cloudfront.net/images-011/players/coleno01.png,
2011,29,29,SAS,Cory Joseph,University of Texas at Austin,5,229,3704,1305,440,464,0.476,0.309,0.762,16.2,5.7,1.9,2,10.2,0.132,0.2,2.1,http://d2cwpp38twqe55.cloudfront.net/images-011/players/josepco01.png,
2011,30,30,CHI,Jimmy Butler,Marquette University,5,277,8379,3425,1202,584,0.44,0.335,0.805,30.2,12.4,4.3,2.1,29.6,0.169,3,10.6,http://d2cwpp38twqe55.cloudfront.net/images-011/players/butleji01.png,
2012,1,1,NOH,Anthony Davis,University of Kentucky,4,219,7377,4385,2107,348,0.52,0.242,0.782,33.7,20,9.6,1.6,32.5,0.211,4.5,12.1,http://d2cwpp38twqe55.cloudfront.net/images-011/players/davisan02.png,
2012,2,2,CHA,Michael Kidd-Gilchrist,University of Kentucky,3,195,5114,1750,1195,246,0.464,0.167,0.689,26.2,9,6.1,1.3,9,0.084,-1.4,0.8,http://d2cwpp38twqe55.cloudfront.net/images-011/players/kiddgmi01.png,
2012,3,3,WAS,Bradley Beal,University of Florida,4,209,7002,3327,805,629,0.421,0.399,0.783,33.5,15.9,3.9,3,11.2,0.077,-0.4,2.8,http://d2cwpp38twqe55.cloudfront.net/images-011/players/bealbr01.png,
2012,4,4,CLE,Dion Waiters,Syracuse University,4,235,6721,3205,615,603,0.413,0.329,0.715,28.6,13.6,2.6,2.6,4.7,0.033,-2.9,-1.5,http://d2cwpp38twqe55.cloudfront.net/images-011/players/waitedi01.png,
2012,5,5,SAC,Thomas Robinson,University of Kansas,4,217,2967,1057,1016,116,0.468,0,0.533,13.7,4.9,4.7,0.5,3.4,0.055,-3.6,-1.2,http://d2cwpp38twqe55.cloudfront.net/images-011/players/robinth01.png,
2012,6,6,POR,Damian Lillard,Weber State University,4,271,9948,5588,1040,1667,0.428,0.367,0.863,36.7,20.6,3.8,6.2,28.8,0.139,2.7,11.7,http://i.cdn.turner.com/nba/nba/.element/img/2.0/sect/statscube/players/large/damian_lillard.png,
2012,7,7,GSW,Harrison Barnes,University of North Carolina,4,258,7092,2541,1182,363,0.444,0.374,0.741,27.5,9.8,4.6,1.4,14.6,0.099,-0.7,2.4,http://d2cwpp38twqe55.cloudfront.net/images-011/players/barneha02.png,
2012,8,8,TOR,Terrence Ross,University of Washington,4,255,5866,2266,664,231,0.412,0.37,0.806,23,8.9,2.6,0.9,7.8,0.064,-1.3,1,http://d2cwpp38twqe55.cloudfront.net/images-011/players/rosste01.png,
2012,9,9,DET,Andre Drummond,University of Connecticut,4,248,7218,3142,3042,141,0.563,0.143,0.392,29.1,12.7,12.3,0.6,25.1,0.167,1.1,5.6,http://d2cwpp38twqe55.cloudfront.net/images-011/players/drumman01.png,
2012,10,10,NOH,Austin Rivers,Duke University,4,230,4874,1619,440,472,0.4,0.309,0.624,21.2,7,1.9,2.1,1.3,0.013,-3.9,-2.4,http://d2cwpp38twqe55.cloudfront.net/images-011/players/riverau01.png,
2012,11,11,POR,Meyers Leonard,University of Illinois at Urbana-Champaign,4,182,2841,957,695,112,0.499,0.345,0.84,15.6,5.3,3.8,0.6,6.4,0.109,-1.8,0.2,http://d2cwpp38twqe55.cloudfront.net/images-011/players/leoname01.png,
2012,12,12,HOU,Jeremy Lamb,University of Connecticut,4,170,2829,1294,418,195,0.433,0.345,0.814,16.6,7.6,2.5,1.1,6.5,0.111,-1.3,0.5,http://d2cwpp38twqe55.cloudfront.net/images-011/players/lambje01.png,
2012,13,13,PHO,Kendall Marshall,University of North Carolina,4,132,2719,698,229,717,0.406,0.378,0.593,20.6,5.3,1.7,5.4,1.5,0.027,-5.2,-2.2,http://d2cwpp38twqe55.cloudfront.net/images-011/players/marshke01.png,
2012,14,14,MIL,John Henson,University of North Carolina,4,221,4230,1768,1191,219,0.533,0,0.542,19.1,8,5.4,1,9.6,0.108,0.5,2.6,http://d2cwpp38twqe55.cloudfront.net/images-011/players/hensojo01.png,
2012,15,15,PHI,Maurice Harkless,St. John's University,4,226,5059,1506,797,179,0.454,0.31,0.581,22.4,6.7,3.5,0.8,6.1,0.057,-1,1.3,http://d2cwpp38twqe55.cloudfront.net/images-011/players/harklma01.png,
2012,16,16,HOU,Royce White,Iowa State University,1,3,9,0,0,0,0,,,3,0,0,0,0,-0.121,-10.4,0,http://d2cwpp38twqe55.cloudfront.net/images-011/players/whitero03.png,
2012,17,17,DAL,Tyler Zeller,University of North Carolina,4,244,4934,1908,1209,251,0.506,0,0.776,20.2,7.8,5,1,11.5,0.112,-1.1,1.1,http://d2cwpp38twqe55.cloudfront.net/images-011/players/zellety01.png,
2012,18,18,HOU,Terrence Jones,University of Kentucky,4,147,3718,1612,915,158,0.52,0.328,0.617,25.3,11,6.2,1.1,11.7,0.151,1.2,3,http://d2cwpp38twqe55.cloudfront.net/images-011/players/joneste01.png,
2012,19,19,ORL,Andrew Nicholson,St. Bonaventure University,4,205,3184,1330,668,95,0.473,0.337,0.784,15.5,6.5,3.3,0.5,3,0.045,-5.5,-2.8,http://d2cwpp38twqe55.cloudfront.net/images-011/players/nichoan01.png,
2012,20,20,DEN,Evan Fournier,,4,195,4333,1885,468,326,0.438,0.381,0.753,22.2,9.7,2.4,1.7,6.2,0.069,-1.6,0.4,http://d2cwpp38twqe55.cloudfront.net/images-011/players/fournev01.png,
2012,21,21,BOS,Jared Sullinger,Ohio State University,4,201,5110,2260,1540,345,0.438,0.277,0.749,25.4,11.2,7.7,1.7,12.5,0.117,0.7,3.5,http://d2cwpp38twqe55.cloudfront.net/images-011/players/sullija01.png,
2012,22,22,BOS,Fab Melo,Syracuse University,1,6,36,7,3,0,0.5,,0.25,6,1.2,0.5,0,0,0.021,-5.8,0,http://d2cwpp38twqe55.cloudfront.net/images-011/players/melofa01.png,
2012,23,23,ATL,John Jenkins,Vanderbilt University,4,108,1460,590,167,85,0.448,0.365,0.856,13.5,5.5,1.5,0.8,2.5,0.081,-3.2,-0.4,http://d2cwpp38twqe55.cloudfront.net/images-011/players/jenkijo01.png,
2012,24,24,CLE,Jared Cunningham,Oregon State University,4,59,462,152,39,34,0.343,0.34,0.657,7.8,2.6,0.7,0.6,0.3,0.026,-5,-0.4,http://d2cwpp38twqe55.cloudfront.net/images-011/players/cunnija01.png,
2012,25,25,MEM,Tony Wroten,University of Washington,4,140,2976,1552,347,424,0.415,0.233,0.651,21.3,11.1,2.5,3,-0.8,-0.013,-3.8,-1.3,http://d2cwpp38twqe55.cloudfront.net/images-011/players/wroteto01.png,
2012,26,26,IND,Miles Plumlee,Duke University,4,182,3307,979,988,82,0.516,,0.549,18.2,5.4,5.4,0.5,6.6,0.095,-1.2,0.7,http://d2cwpp38twqe55.cloudfront.net/images-011/players/plumlmi01.png,
2012,27,27,MIA,Arnett Moultrie,Mississippi State University,2,59,729,210,180,12,0.547,,0.667,12.4,3.6,3.1,0.2,1.7,0.113,-3,-0.2,http://d2cwpp38twqe55.cloudfront.net/images-011/players/moultar01.png,
2012,28,28,OKC,Perry Jones,Baylor University,3,143,1675,488,252,54,0.42,0.293,0.66,11.7,3.4,1.8,0.4,1.7,0.048,-4.6,-1.1,http://d2cwpp38twqe55.cloudfront.net/images-011/players/jonespe01.png,
2012,29,29,CHI,Marquis Teague,University of Kentucky,2,88,835,206,84,121,0.349,0.22,0.686,9.5,2.3,1,1.4,-0.8,-0.046,-8.1,-1.3,http://d2cwpp38twqe55.cloudfront.net/images-011/players/teaguma01.png,
2012,30,30,GSW,Festus Ezeli,Vanderbilt University,3,149,2124,612,635,54,0.512,,0.563,14.3,4.1,4.3,0.4,5.4,0.122,-0.8,0.6,http://d2cwpp38twqe55.cloudfront.net/images-011/players/ezelife01.png,
2013,1,1,CLE,Anthony Bennett,University of Nevada Las Vegas,3,117,1602,527,383,65,0.389,0.256,0.652,13.7,4.5,3.3,0.6,-0.1,-0.002,-5.9,-1.6,http://d2cwpp38twqe55.cloudfront.net/images-011/players/bennean01.png,
2013,2,2,ORL,Victor Oladipo,Indiana University,3,173,5694,2692,752,702,0.423,0.322,0.799,32.9,15.6,4.3,4.1,6,0.05,-0.2,2.5,http://d2cwpp38twqe55.cloudfront.net/images-011/players/oladivi01.png,
2013,3,3,WAS,Otto Porter,Georgetown University,3,133,2476,801,402,122,0.441,0.301,0.754,18.6,6,3,0.9,4.1,0.079,-0.9,0.7,http://d2cwpp38twqe55.cloudfront.net/images-011/players/porteot01.png,
2013,4,4,CHA,Cody Zeller,Indiana University,3,165,3366,1130,816,212,0.448,0.091,0.742,20.4,6.8,4.9,1.3,7.9,0.113,-0.4,1.4,http://d2cwpp38twqe55.cloudfront.net/images-011/players/zelleco01.png,
2013,5,5,PHO,Alex Len,University of Maryland,3,136,2344,710,702,52,0.493,0.2,0.697,17.2,5.2,5.2,0.4,4.8,0.098,-1.8,0.1,http://d2cwpp38twqe55.cloudfront.net/images-011/players/lenal01.png,
2013,6,6,NOH,Nerlens Noel,University of Kentucky,2,96,2936,951,775,156,0.455,,0.599,30.6,9.9,8.1,1.6,3.6,0.059,-0.3,1.3,http://d2cwpp38twqe55.cloudfront.net/images-011/players/noelne01.png,
2013,7,7,SAC,Ben McLemore,University of Kansas,3,188,5381,1908,530,251,0.413,0.347,0.81,28.6,10.1,2.8,1.3,3.7,0.033,-1.8,0.2,http://d2cwpp38twqe55.cloudfront.net/images-011/players/mclembe01.png,
2013,8,8,DET,Kentavious Caldwell-Pope,University of Georgia,3,187,5093,1844,493,213,0.4,0.33,0.742,27.2,9.9,2.6,1.1,6.7,0.063,-0.9,1.4,http://d2cwpp38twqe55.cloudfront.net/images-011/players/caldwke01.png,
2013,9,9,MIN,Trey Burke,University of Michigan,3,168,5053,2116,459,784,0.381,0.333,0.806,30.1,12.6,2.7,4.7,4.4,0.042,-2,0,http://d2cwpp38twqe55.cloudfront.net/images-011/players/burketr01.png,
2013,10,10,POR,C.J. McCollum,Lehigh University,3,125,2327,1122,225,183,0.431,0.39,0.77,18.6,9,1.8,1.5,4,0.083,-1,0.6,http://d2cwpp38twqe55.cloudfront.net/images-011/players/mccolcj01.png,
2013,11,11,PHI,Michael Carter-Williams,Syracuse University,3,156,5131,2340,862,990,0.404,0.252,0.701,32.9,15,5.5,6.3,2.1,0.02,-0.7,1.7,http://d2cwpp38twqe55.cloudfront.net/images-011/players/cartemi01.png,
2013,12,12,OKC,Steven Adams,University of Pittsburgh,3,175,3543,949,995,127,0.535,0,0.54,20.2,5.4,5.7,0.7,8.7,0.118,0.6,2.3,http://d2cwpp38twqe55.cloudfront.net/images-011/players/adamsst01.png,
2013,13,13,DAL,Kelly Olynyk,Gonzaga University,3,157,3257,1478,756,254,0.466,0.354,0.745,20.7,9.4,4.8,1.6,7.8,0.114,1.5,2.9,http://d2cwpp38twqe55.cloudfront.net/images-011/players/olynyke01.png,
2013,14,14,UTA,Shabazz Muhammad,University of California Los Angeles,3,98,1561,846,271,57,0.483,0.337,0.72,15.9,8.6,2.8,0.6,3,0.091,-3.3,-0.5,http://d2cwpp38twqe55.cloudfront.net/images-011/players/muhamsh01.png,
2013,15,15,MIL,Giannis Antetokounmpo,,3,182,5240,1932,1040,425,0.471,0.294,0.738,28.8,10.6,5.7,2.3,9.3,0.085,-0.2,2.3,http://d2cwpp38twqe55.cloudfront.net/images-011/players/antetgi01.png,
2013,16,16,BOS,Lucas Nogueira,,2,13,106,38,27,4,0.586,0,0.571,8.2,2.9,2.1,0.3,0.4,0.178,2.1,0.1,http://d2cwpp38twqe55.cloudfront.net/images-011/players/noguelu01.png,
2013,17,17,ATL,Dennis Schroder,,3,151,2696,1198,291,516,0.411,0.311,0.797,17.9,7.9,1.9,3.4,2.1,0.038,-3.9,-1.3,http://d2cwpp38twqe55.cloudfront.net/images-011/players/schrode01.png,
2013,18,18,ATL,Shane Larkin,University of Miami,3,147,2788,773,267,377,0.433,0.337,0.746,19,5.3,1.8,2.6,2.6,0.046,-2.2,-0.1,http://d2cwpp38twqe55.cloudfront.net/images-011/players/larkish01.png,
2013,19,19,CLE,Sergey Karasev,,3,64,775,199,87,53,0.38,0.266,0.808,12.1,3.1,1.4,0.8,0.5,0.032,-2.9,-0.2,http://d2cwpp38twqe55.cloudfront.net/images-011/players/karasse01.png,
2013,20,20,CHI,Tony Snell,University of New Mexico,3,170,3094,894,361,152,0.398,0.359,0.792,18.2,5.3,2.1,0.9,4.3,0.067,-2.3,-0.2,http://d2cwpp38twqe55.cloudfront.net/images-011/players/snellto01.png,
2013,21,21,UTA,Gorgui Dieng,University of Louisville,3,156,3528,1186,1043,204,0.506,0.286,0.765,22.6,7.6,6.7,1.3,8.5,0.115,1.9,3.5,http://d2cwpp38twqe55.cloudfront.net/images-011/players/dienggo01.png,
2013,22,22,BRK,Mason Plumlee,Duke University,3,177,3691,1470,1013,196,0.596,0,0.546,20.9,8.3,5.7,1.1,11.3,0.147,1.7,3.4,http://d2cwpp38twqe55.cloudfront.net/images-011/players/plumlma01.png,
2013,23,23,IND,Solomon Hill,University of Arizona,3,119,2678,797,373,202,0.399,0.321,0.825,22.5,6.7,3.1,1.7,4.1,0.073,-0.5,1,http://d2cwpp38twqe55.cloudfront.net/images-011/players/hillso01.png,
2013,24,24,NYK,Tim Hardaway,University of Michigan,3,155,3600,1638,282,195,0.406,0.351,0.815,23.2,10.6,1.8,1.3,3.9,0.051,-3.2,-1.1,http://d2cwpp38twqe55.cloudfront.net/images-011/players/hardati02.png,
2013,25,25,LAC,Reggie Bullock,University of North Carolina,3,93,811,190,111,22,0.325,0.295,0.762,8.7,2,1.2,0.2,0.1,0.005,-4.8,-0.6,http://d2cwpp38twqe55.cloudfront.net/images-011/players/bullore01.png,
2013,26,26,MIN,Andre Roberson,University of Colorado,3,130,2212,411,429,101,0.457,0.245,0.532,17,3.2,3.3,0.8,3.7,0.081,0.1,1.2,http://d2cwpp38twqe55.cloudfront.net/images-011/players/roberan03.png,
2013,27,27,DEN,Rudy Gobert,,3,141,3071,919,1082,139,0.583,0,0.6,21.8,6.5,7.7,1,11,0.173,4.1,4.8,http://d2cwpp38twqe55.cloudfront.net/images-011/players/goberru01.png,
2013,28,28,SAS,Livio Jean-Charles,,,,,,,,,,,,,,,,,,,,
2013,29,29,OKC,Archie Goodwin,University of Kentucky,3,104,1196,478,183,71,0.425,0.226,0.692,11.5,4.6,1.8,0.7,0.5,0.02,-4.5,-0.8,http://d2cwpp38twqe55.cloudfront.net/images-011/players/goodwar01.png,
2013,30,30,PHO,Nemanja Nedovic,,1,24,142,26,15,13,0.205,0.167,0.875,5.9,1.1,0.6,0.5,-0.4,-0.132,-10.6,-0.3,http://d2cwpp38twqe55.cloudfront.net/images-011/players/nedovne01.png,
2014,1,1,CLE,Andrew Wiggins,University of Kansas,2,104,3737,1841,454,206,0.435,0.295,0.754,35.9,17.7,4.4,2,3.2,0.041,-2.3,-0.3,http://d2cwpp38twqe55.cloudfront.net/images-011/players/wiggian01.png,
2014,2,2,MIL,Jabari Parker,Duke University,2,44,1213,509,222,62,0.487,0.222,0.745,27.6,11.6,5,1.4,2.1,0.082,-2,0,http://d2cwpp38twqe55.cloudfront.net/images-011/players/parkeja01.png,
2014,3,3,PHI,Joel Embiid,University of Kansas,,,,,,,,,,,,,,,,,,,
2014,4,4,ORL,Aaron Gordon,University of Arizona,2,69,1220,408,272,61,0.456,0.293,0.698,17.7,5.9,3.9,0.9,2.4,0.094,-0.8,0.4,http://d2cwpp38twqe55.cloudfront.net/images-011/players/gordoaa01.png,
2014,5,5,UTA,Dante Exum,,1,82,1817,393,131,198,0.349,0.314,0.625,22.2,4.8,1.6,2.4,-0.1,-0.003,-3.8,-0.8,http://d2cwpp38twqe55.cloudfront.net/images-011/players/exumda01.png,
2014,6,6,BOS,Marcus Smart,Oklahoma State University,2,76,2070,611,256,237,0.362,0.322,0.654,27.2,8,3.4,3.1,3.3,0.076,1,1.6,http://d2cwpp38twqe55.cloudfront.net/images-011/players/smartma01.png,
2014,7,7,LAL,Julius Randle,University of Kentucky,2,25,679,281,224,42,0.425,0,0.656,27.2,11.2,9,1.7,0.5,0.032,-3.7,-0.3,http://d2cwpp38twqe55.cloudfront.net/images-011/players/randlju01.png,
2014,8,8,SAC,Nik Stauskas,University of Michigan,2,96,1705,509,141,110,0.358,0.307,0.813,17.8,5.3,1.5,1.1,0.4,0.011,-3.8,-0.8,http://d2cwpp38twqe55.cloudfront.net/images-011/players/stausni01.png,
2014,9,9,CHH,Noah Vonleh,Indiana University,2,50,617,161,171,15,0.419,0.32,0.725,12.3,3.2,3.4,0.3,0.7,0.057,-4.7,-0.4,http://d2cwpp38twqe55.cloudfront.net/images-011/players/vonleno01.png,
2014,10,10,PHI,Elfrid Payton,University of Louisiana at Lafayette,2,105,3219,998,444,679,0.418,0.282,0.579,30.7,9.5,4.2,6.5,3.3,0.049,-0.7,1.1,http://d2cwpp38twqe55.cloudfront.net/images-011/players/paytoel01.png,
2014,11,11,DEN,Doug McDermott,Creighton University,2,57,786,299,88,21,0.439,0.402,0.72,13.8,5.2,1.5,0.4,0.8,0.05,-4.4,-0.5,http://d2cwpp38twqe55.cloudfront.net/images-011/players/mcderdo01.png,
2014,12,12,ORL,Dario Saric,,,,,,,,,,,,,,,,,,,,
2014,13,13,MIN,Zach LaVine,University of California Los Angeles,2,100,2475,1115,295,359,0.425,0.349,0.859,24.8,11.2,3,3.6,0.5,0.009,-3.2,-0.8,http://d2cwpp38twqe55.cloudfront.net/images-011/players/lavinza01.png,
2014,14,14,PHO,T.J. Warren,North Carolina State University,2,64,1123,500,163,42,0.521,0.319,0.74,17.5,7.8,2.5,0.7,2.4,0.101,-1.8,0.1,http://d2cwpp38twqe55.cloudfront.net/images-011/players/warretj01.png,
2014,15,15,ATL,Adreian Payne,Michigan State University,2,47,894,265,201,38,0.423,0.316,0.673,19,5.6,4.3,0.8,-0.4,-0.022,-5.4,-0.8,http://d2cwpp38twqe55.cloudfront.net/images-011/players/paynead01.png,
2014,16,16,CHI,Jusuf Nurkic,,1,62,1103,426,382,50,0.446,0,0.636,17.8,6.9,6.2,0.8,1.6,0.069,-0.6,0.4,http://d2cwpp38twqe55.cloudfront.net/images-011/players/nurkiju01.png,
2014,17,17,BOS,James Young,University of Kentucky,2,39,411,118,52,17,0.357,0.257,0.515,10.5,3,1.3,0.4,0.4,0.051,-3.5,-0.2,http://d2cwpp38twqe55.cloudfront.net/images-011/players/youngja01.png,
2014,18,18,PHO,Tyler Ennis,Syracuse University,2,42,530,155,50,84,0.365,0.28,0.733,12.6,3.7,1.2,2,-0.5,-0.041,-6.8,-0.6,http://d2cwpp38twqe55.cloudfront.net/images-011/players/ennisty01.png,
2014,19,19,CHI,Gary Harris,Michigan State University,2,72,1188,357,108,61,0.371,0.28,0.754,16.5,5,1.5,0.8,-0.1,-0.002,-3,-0.3,http://d2cwpp38twqe55.cloudfront.net/images-011/players/harriga01.png,
2014,20,20,TOR,Bruno Caboclo,,2,9,24,10,2,0,0.308,0.667,,2.7,1.1,0.2,0,-0.2,-0.309,-20.2,-0.1,http://d2cwpp38twqe55.cloudfront.net/images-011/players/cabocbr01.png,
2014,21,21,OKC,Mitch McGary,University of Michigan,2,38,519,210,174,16,0.532,0,0.609,13.7,5.5,4.6,0.4,1.3,0.116,-2.7,-0.1,http://d2cwpp38twqe55.cloudfront.net/images-011/players/mcgarmi01.png,
2014,22,22,MEM,Jordan Adams,University of California Los Angeles,2,32,263,101,30,19,0.402,0.385,0.607,8.2,3.2,0.9,0.6,0.4,0.07,-0.4,0.1,http://d2cwpp38twqe55.cloudfront.net/images-011/players/adamsjo01.png,
2014,23,23,UTA,Rodney Hood,Duke University,2,71,1695,692,172,141,0.413,0.341,0.802,23.9,9.7,2.4,2,3.3,0.092,-0.7,0.6,http://d2cwpp38twqe55.cloudfront.net/images-011/players/hoodro01.png,
2014,24,24,CHH,Shabazz Napier,University of Connecticut,2,73,1303,361,133,178,0.375,0.348,0.759,17.8,4.9,1.8,2.4,0.7,0.027,-3.1,-0.3,http://d2cwpp38twqe55.cloudfront.net/images-011/players/napiesh01.png,
2014,25,25,HOU,Clint Capela,,2,36,571,228,198,18,0.586,,0.366,15.9,6.3,5.5,0.5,1.7,0.146,-0.3,0.2,http://d2cwpp38twqe55.cloudfront.net/images-011/players/capelca01.png,
2014,26,26,MIA,P.J. Hairston,University of North Carolina,2,65,1027,337,139,36,0.322,0.291,0.875,15.8,5.2,2.1,0.6,0.6,0.026,-3.4,-0.4,http://d2cwpp38twqe55.cloudfront.net/images-011/players/hairspj02.png,
2014,27,27,PHO,Bogdan Bogdanovic,,,,,,,,,,,,,,,,,,,,
2014,28,28,LAC,C.J. Wilcox,University of Washington,2,22,101,41,7,8,0.421,0.368,1,4.6,1.9,0.3,0.4,0,-0.024,-6,-0.1,http://d2cwpp38twqe55.cloudfront.net/images-011/players/wilcocj01.png,
2014,29,29,OKC,Josh Huestis,Stanford University,,,,,,,,,,,,,,,,,,,
2014,30,30,SAS,Kyle Anderson,University of California Los Angeles,2,58,662,141,128,53,0.367,0.35,0.632,11.4,2.4,2.2,0.9,1.1,0.078,-1.4,0.1,http://d2cwpp38twqe55.cloudfront.net/images-011/players/anderky01.png,
2015,1,1,MIN,Karl-Anthony Towns,University of Kentucky,1,23,640,343,211,23,0.531,0.412,0.814,27.8,14.9,9.2,1,2.1,0.157,2.1,0.7,http://d2cwpp38twqe55.cloudfront.net/images-011/players/townska01.png,
2015,2,2,LAL,D'Angelo Russell,Ohio State University,1,24,682,288,104,77,0.402,0.325,0.75,28.4,12,4.3,3.2,-0.2,-0.015,-2.4,-0.1,http://d2cwpp38twqe55.cloudfront.net/images-011/players/russeda01.png,
2015,3,3,PHI,Jahlil Okafor,Duke University,1,23,750,404,187,29,0.452,0,0.71,32.6,17.6,8.1,1.3,0,0.002,-5.3,-0.6,http://d2cwpp38twqe55.cloudfront.net/images-011/players/okafoja01.png,
2015,4,4,NYK,Kristaps Porzingis,,1,25,683,339,209,23,0.441,0.354,0.842,27.3,13.6,8.4,0.9,1.7,0.123,0.1,0.4,http://d2cwpp38twqe55.cloudfront.net/images-011/players/porzikr01.png,
2015,5,5,ORL,Mario Hezonja,,1,21,251,84,30,12,0.394,0.412,0.933,12,4,1.4,0.6,0,0.001,-5.5,-0.2,http://d2cwpp38twqe55.cloudfront.net/images-011/players/hezonma01.png,
2015,6,6,SAC,Willie Cauley-Stein,University of Kentucky,1,20,378,96,103,7,0.609,,0.514,18.9,4.8,5.2,0.4,0.9,0.113,0.8,0.3,http://d2cwpp38twqe55.cloudfront.net/images-011/players/caulewi01.png,
2015,7,7,DEN,Emmanuel Mudiay,,1,23,669,245,81,132,0.311,0.247,0.682,29.1,10.7,3.5,5.7,-1.8,-0.126,-6.2,-0.7,http://d2cwpp38twqe55.cloudfront.net/images-011/players/mudiaem01.png,
2015,8,8,DET,Stanley Johnson,University of Arizona,1,25,533,200,92,28,0.375,0.284,0.758,21.3,8,3.7,1.1,0.3,0.031,-3.2,-0.2,http://d2cwpp38twqe55.cloudfront.net/images-011/players/johnsst04.png,
2015,9,9,CHO,Frank Kaminsky,University of Wisconsin,1,22,379,117,63,29,0.434,0.417,0.762,17.2,5.3,2.9,1.3,1,0.123,-0.1,0.2,http://d2cwpp38twqe55.cloudfront.net/images-011/players/kaminfr01.png,
2015,10,10,MIA,Justise Winslow,Duke University,1,22,626,139,111,32,0.419,0.238,0.583,28.5,6.3,5,1.5,0.4,0.03,-1.6,0.1,http://d2cwpp38twqe55.cloudfront.net/images-011/players/winslju01.png,
2015,11,11,IND,Myles Turner,University of Texas at Austin,1,8,127,49,23,1,0.553,,0.7,15.9,6.1,2.9,0.1,0.3,0.111,-3.3,0,http://d2cwpp38twqe55.cloudfront.net/images-011/players/turnemy01.png,
2015,12,12,UTA,Trey Lyles,University of Kentucky,1,20,234,47,58,8,0.333,0.25,0.556,11.7,2.4,2.9,0.4,0,-0.006,-5.8,-0.2,http://d2cwpp38twqe55.cloudfront.net/images-011/players/lylestr01.png,
2015,13,13,PHO,Devin Booker,University of Kentucky,1,21,307,123,25,15,0.523,0.708,0.778,14.6,5.9,1.2,0.7,0.8,0.124,-1.3,0.1,http://d2cwpp38twqe55.cloudfront.net/images-011/players/bookede01.png,
2015,14,14,OKC,Cameron Payne,Murray State University,1,11,44,15,9,9,0.333,0.333,,4,1.4,0.8,0.8,0,0.018,-4.8,0,http://d2cwpp38twqe55.cloudfront.net/images-011/players/payneca01.png,
2015,15,15,ATL,Kelly Oubre,University of Kansas,1,15,103,38,18,3,0.351,0.2,0.6,6.9,2.5,1.2,0.2,-0.1,-0.056,-10.5,-0.2,http://d2cwpp38twqe55.cloudfront.net/images-011/players/oubreke01.png,
2015,16,16,BOS,Terry Rozier,University of Louisville,1,14,94,27,15,8,0.273,0.182,1,6.7,1.9,1.1,0.6,-0.3,-0.163,-11.6,-0.2,http://d2cwpp38twqe55.cloudfront.net/images-011/players/roziete01.png,
2015,17,17,MIL,Rashad Vaughn,University of Nevada Las Vegas,1,18,154,40,21,4,0.292,0.333,1,8.6,2.2,1.2,0.2,-0.2,-0.056,-6.7,-0.2,http://d2cwpp38twqe55.cloudfront.net/images-011/players/vaughra01.png,
2015,18,18,HOU,Sam Dekker,University of Wisconsin,1,3,6,0,1,0,,,,2,0,0.3,0,0,0.104,-0.1,0,http://d2cwpp38twqe55.cloudfront.net/images-011/players/dekkesa01.png,
2015,19,19,WAS,Jerian Grant,University of Notre Dame,1,24,412,132,46,61,0.381,0.192,0.822,17.2,5.5,1.9,2.5,0.1,0.017,-4.6,-0.3,http://d2cwpp38twqe55.cloudfront.net/images-011/players/grantje02.png,
2015,20,20,TOR,Delon Wright,University of Utah,1,4,10,0,4,0,0,0,,2.5,0,1,0,-0.1,-0.461,-29,-0.1,http://d2cwpp38twqe55.cloudfront.net/images-011/players/wrighde01.png,
2015,21,21,DAL,Justin Anderson,University of Virginia,1,16,103,36,18,3,0.438,0.25,0.5,6.4,2.3,1.1,0.2,0,-0.015,-6.1,-0.1,http://d2cwpp38twqe55.cloudfront.net/images-011/players/anderju01.png,
2015,22,22,CHI,Bobby Portis,University of Arkansas,1,3,22,14,3,1,0.538,0,,7.3,4.7,1,0.3,0,0.044,-2.3,0,http://d2cwpp38twqe55.cloudfront.net/images-011/players/portibo01.png,
2015,23,23,POR,Rondae Hollis-Jefferson,University of Arizona,1,19,419,99,116,27,0.481,0.2,0.667,22.1,5.2,6.1,1.4,0.9,0.104,2.1,0.4,http://d2cwpp38twqe55.cloudfront.net/images-011/players/holliro01.png,
2015,24,24,CLE,Tyus Jones,Duke University,1,2,14,1,1,1,0,0,0.5,7,0.5,0.5,0.5,-0.1,-0.28,-12.6,0,http://d2cwpp38twqe55.cloudfront.net/images-011/players/jonesty01.png,
2015,25,25,MEM,Jarell Martin,Louisiana State University,,,,,,,,,,,,,,,,,,http://d2cwpp38twqe55.cloudfront.net/images-011/players/martija01.png,
2015,26,26,SAS,Nikola Milutinov,,,,,,,,,,,,,,,,,,,,
2015,27,27,LAL,Larry Nance Jr.,University of Wyoming,1,19,344,78,67,11,0.466,0.5,0.818,18.1,4.1,3.5,0.6,0.1,0.02,-4,-0.2,http://d2cwpp38twqe55.cloudfront.net/images-011/players/nancela02.png,
2015,28,28,BOS,R.J. Hunter,Georgia State University,1,14,151,44,20,5,0.37,0.267,1,10.8,3.1,1.4,0.4,0.1,0.038,-3.9,-0.1,http://d2cwpp38twqe55.cloudfront.net/images-011/players/hunterj01.png,
2015,29,29,BRK,Chris McCullough,Syracuse University,,,,,,,,,,,,,,,,,,,
2015,30,30,GSW,Kevon Looney,University of California Los Angeles,,,,,,,,,,,,,,,,,,,
